mean_overlapping_bboxes,class_acc,loss_rpn_cls,loss_rpn_regr,loss_class_cls,loss_class_regr,curr_loss,elapsed_time,mAP
13.91,0.581,1.301,0.041,1.491,0.475,2.007,1.866,0
13.05,0.614,0.13,0.017,1.265,0.467,1.75,1.445,0
12.545,0.635,0.122,0.02,1.122,0.416,1.558,1.49,0
12.49,0.654,0.101,0.019,1.009,0.36,1.388,1.456,0
12,0.685,0.106,0.018,0.91,0.305,1.233,1.453,0
10.41,0.702,0.161,0.017,0.828,0.262,1.107,1.434,0
10.56,0.723,0.178,0.015,0.824,0.23,1.069,1.438,0
10.935,0.701,0.134,0.013,0.828,0.215,1.056,1.447,0
10.535,0.723,0.144,0.011,0.778,0.198,0.987,1.443,0
10.55,0.719,0.151,0.01,0.784,0.179,0.973,1.463,0
10.205,0.752,0.137,0.01,0.708,0.153,0.871,1.469,0
9.75,0.752,0.152,0.009,0.706,0.152,0.868,1.456,0
10.695,0.736,0.118,0.009,0.721,0.14,0.87,1.466,0
10.505,0.73,0.138,0.009,0.711,0.136,0.856,1.468,0
10.815,0.746,0.167,0.008,0.701,0.124,0.833,1.471,0
10.36,0.745,0.166,0.009,0.699,0.137,0.844,1.482,0
10.27,0.776,0.11,0.008,0.647,0.13,0.785,1.473,0
11,0.758,0.154,0.008,0.68,0.126,0.814,1.499,0
11.08,0.757,0.151,0.008,0.656,0.121,0.785,1.514,0
11.375,0.772,0.133,0.008,0.635,0.123,0.766,1.557,0
11.295,0.773,0.142,0.009,0.655,0.125,0.789,1.568,0
11.77,0.758,0.177,0.008,0.669,0.115,0.793,1.563,0
12.065,0.757,0.116,0.008,0.68,0.127,0.815,1.566,0
11.605,0.76,0.17,0.008,0.657,0.116,0.782,1.482,0
11.635,0.767,0.202,0.009,0.636,0.122,0.767,1.437,0
12.01,0.747,0.147,0.008,0.692,0.112,0.812,1.429,0
12.12,0.771,0.163,0.008,0.651,0.111,0.77,1.432,0
12.35,0.755,0.088,0.008,0.683,0.112,0.803,1.44,0
13.035,0.765,0.179,0.007,0.646,0.11,0.764,1.446,0
12.27,0.758,0.169,0.008,0.662,0.123,0.794,1.449,0
12.455,0.767,0.176,0.009,0.631,0.114,0.753,1.443,0
12.195,0.77,0.174,0.008,0.646,0.117,0.771,1.454,0
12.325,0.782,0.113,0.008,0.595,0.109,0.712,1.446,0
12.44,0.766,0.119,0.009,0.658,0.116,0.782,1.481,0
12.285,0.777,0.141,0.008,0.635,0.112,0.754,1.446,0
12.785,0.761,0.148,0.008,0.676,0.115,0.799,1.461,0
12.72,0.772,0.145,0.007,0.61,0.105,0.722,1.467,0
12.585,0.766,0.141,0.008,0.65,0.109,0.767,1.481,0
13.64,0.802,0.145,0.007,0.567,0.106,0.68,1.473,0
13.025,0.79,0.142,0.007,0.61,0.106,0.724,1.508,0
13.32,0.78,0.166,0.007,0.622,0.101,0.729,1.505,0
13.8,0.764,0.152,0.008,0.613,0.109,0.73,1.523,0
12.72,0.749,0.187,0.008,0.676,0.114,0.798,1.549,0
12.815,0.772,0.154,0.008,0.618,0.11,0.736,1.537,0
13.55,0.753,0.098,0.008,0.661,0.109,0.777,1.538,0
12.835,0.762,0.149,0.008,0.624,0.106,0.738,1.533,0
13.17,0.778,0.142,0.007,0.618,0.096,0.721,1.531,0
13.16,0.787,0.16,0.007,0.577,0.093,0.677,1.41,0
13.61,0.793,0.114,0.007,0.579,0.095,0.681,1.412,0
12.535,0.783,0.131,0.007,0.573,0.097,0.677,1.404,0
12.785,0.77,0.133,0.007,0.618,0.104,0.729,1.433,0
13.63,0.772,0.168,0.007,0.599,0.1,0.706,1.492,0
13.255,0.796,0.126,0.007,0.551,0.106,0.664,1.475,0
12.875,0.786,0.136,0.008,0.567,0.101,0.675,1.471,0
12.87,0.782,0.121,0.008,0.583,0.109,0.7,1.475,0
13.56,0.772,0.134,0.008,0.622,0.1,0.73,1.468,0
13.305,0.789,0.163,0.008,0.589,0.101,0.698,1.469,0
13.21,0.77,0.149,0.008,0.631,0.107,0.745,1.488,0
12.9,0.768,0.14,0.008,0.628,0.107,0.742,1.478,0
13.675,0.785,0.112,0.007,0.62,0.1,0.727,1.499,0
13.08,0.786,0.147,0.008,0.585,0.111,0.704,1.516,0
13.795,0.788,0.17,0.008,0.573,0.11,0.691,1.49,0
13.67,0.794,0.141,0.007,0.548,0.099,0.654,1.509,0
13.465,0.786,0.12,0.008,0.591,0.107,0.706,1.612,0
13.21,0.784,0.164,0.007,0.585,0.099,0.691,1.614,0
13.765,0.798,0.142,0.007,0.559,0.094,0.66,1.672,0
14.095,0.787,0.117,0.006,0.592,0.092,0.69,1.674,0
13.79,0.794,0.114,0.007,0.569,0.092,0.668,1.669,0
14.46,0.796,0.139,0.007,0.561,0.099,0.667,1.673,0
14.615,0.799,0.131,0.006,0.516,0.085,0.608,1.676,0
14.09,0.744,0.155,0.008,0.665,0.107,0.78,1.513,0
14.485,0.796,0.147,0.006,0.556,0.09,0.652,1.451,0
13.365,0.805,0.125,0.007,0.531,0.097,0.635,1.449,0
13.8,0.785,0.161,0.007,0.593,0.094,0.694,1.456,0
13.88,0.792,0.168,0.007,0.574,0.107,0.688,1.462,0
14.255,0.779,0.123,0.007,0.609,0.103,0.719,1.447,0
14.85,0.805,0.142,0.006,0.522,0.095,0.623,1.461,0
13.79,0.784,0.145,0.007,0.59,0.116,0.713,1.456,0
14.125,0.803,0.163,0.007,0.544,0.103,0.654,1.467,0
14.755,0.779,0.152,0.007,0.595,0.101,0.702,1.463,0
13.835,0.809,0.101,0.007,0.525,0.093,0.625,1.459,0
13.975,0.794,0.134,0.007,0.549,0.093,0.649,1.476,0
14.23,0.814,0.095,0.007,0.531,0.097,0.635,1.458,0
14.95,0.786,0.157,0.007,0.555,0.11,0.672,1.49,0
14.805,0.803,0.148,0.007,0.551,0.108,0.666,1.486,0
14.845,0.788,0.151,0.007,0.563,0.109,0.679,1.503,0
14.21,0.824,0.18,0.007,0.488,0.094,0.588,1.494,0
15.075,0.802,0.164,0.007,0.542,0.1,0.648,1.516,0
15.305,0.805,0.142,0.006,0.542,0.095,0.644,1.507,0
15.3,0.793,0.186,0.007,0.531,0.099,0.636,1.517,0
15.17,0.821,0.133,0.006,0.491,0.087,0.584,1.54,0
15.07,0.813,0.103,0.007,0.527,0.104,0.637,1.575,0
14.94,0.808,0.158,0.006,0.508,0.106,0.62,1.567,0
15.42,0.799,0.157,0.007,0.503,0.098,0.607,1.524,0
15.705,0.813,0.148,0.006,0.526,0.094,0.626,1.412,0
15.265,0.8,0.152,0.006,0.513,0.087,0.606,1.409,0
15.325,0.82,0.183,0.006,0.507,0.097,0.61,1.415,0
14.96,0.814,0.102,0.007,0.508,0.098,0.613,1.411,0
15.94,0.822,0.127,0.006,0.487,0.092,0.585,1.413,0
15.745,0.797,0.165,0.006,0.533,0.11,0.649,1.405,0
15.76,0.78,0.153,0.007,0.561,0.112,0.679,1.412,0
15.43,0.807,0.161,0.007,0.534,0.101,0.642,1.405,0
15.025,0.825,0.139,0.006,0.493,0.093,0.592,1.423,0
15.68,0.848,0.165,0.006,0.417,0.092,0.515,1.455,0
15.21,0.836,0.075,0.006,0.45,0.102,0.557,1.441,0
15.435,0.819,0.176,0.006,0.486,0.092,0.584,1.439,0
15.38,0.829,0.154,0.007,0.471,0.1,0.578,1.456,0
15.72,0.834,0.123,0.006,0.451,0.097,0.554,1.453,0
15.895,0.805,0.133,0.006,0.532,0.111,0.65,1.462,0
16.63,0.802,0.166,0.006,0.53,0.099,0.635,1.47,0
16.165,0.824,0.16,0.006,0.482,0.1,0.588,1.492,0
15.74,0.828,0.117,0.006,0.462,0.102,0.57,1.509,0
15.63,0.819,0.144,0.007,0.5,0.105,0.612,1.512,0
15.525,0.812,0.124,0.007,0.494,0.107,0.608,1.549,0
15.695,0.833,0.199,0.006,0.462,0.106,0.575,1.547,0
16.645,0.82,0.115,0.006,0.467,0.095,0.569,1.547,0
15.945,0.815,0.149,0.006,0.51,0.107,0.623,1.55,0
16.585,0.816,0.155,0.006,0.491,0.102,0.6,1.436,0
17.025,0.822,0.125,0.006,0.493,0.102,0.601,1.418,0
16.835,0.829,0.152,0.006,0.48,0.109,0.595,1.431,0
16.245,0.823,0.134,0.006,0.464,0.096,0.567,1.418,0
16.64,0.806,0.148,0.006,0.51,0.101,0.617,1.423,0
16.125,0.827,0.144,0.006,0.464,0.105,0.574,1.418,0
16.42,0.794,0.14,0.006,0.537,0.111,0.654,1.444,0
16.99,0.835,0.118,0.006,0.466,0.101,0.573,1.438,0
17.265,0.838,0.159,0.006,0.449,0.09,0.545,1.445,0
16.67,0.822,0.146,0.005,0.467,0.093,0.565,1.437,0
16.735,0.817,0.174,0.006,0.486,0.104,0.596,1.432,0
16.79,0.824,0.113,0.006,0.478,0.095,0.579,1.435,0
17.05,0.841,0.188,0.006,0.464,0.088,0.558,1.446,0
16.67,0.832,0.142,0.006,0.473,0.101,0.579,1.451,0
16.965,0.807,0.134,0.007,0.512,0.11,0.628,1.449,0
16.695,0.822,0.154,0.006,0.47,0.102,0.578,1.454,0
17.27,0.828,0.153,0.006,0.455,0.098,0.559,1.451,0
17.01,0.816,0.132,0.006,0.497,0.103,0.606,1.463,0
16.365,0.8,0.205,0.006,0.535,0.094,0.635,1.475,0
17.26,0.857,0.136,0.005,0.395,0.082,0.482,1.491,0
17.025,0.849,0.164,0.005,0.431,0.089,0.525,1.537,0
16.455,0.82,0.105,0.006,0.486,0.105,0.597,1.549,0
17,0.827,0.124,0.006,0.465,0.1,0.57,1.548,0
16.625,0.834,0.156,0.005,0.447,0.09,0.542,1.476,0
17,0.842,0.146,0.005,0.441,0.094,0.541,1.403,0
16.865,0.812,0.132,0.006,0.52,0.1,0.625,1.412,0
17.28,0.838,0.151,0.005,0.419,0.08,0.504,1.404,0
17.26,0.855,0.129,0.006,0.406,0.092,0.503,1.451,0
16.66,0.797,0.106,0.006,0.524,0.105,0.635,1.426,0
17.31,0.846,0.171,0.005,0.419,0.08,0.504,1.436,0
16.78,0.827,0.127,0.006,0.462,0.102,0.57,1.431,0
16.35,0.85,0.128,0.005,0.42,0.101,0.526,1.427,0
17.065,0.824,0.203,0.006,0.482,0.104,0.592,1.431,0
17.045,0.857,0.119,0.005,0.4,0.083,0.489,1.413,0
16.575,0.832,0.148,0.006,0.429,0.097,0.532,1.422,0
17.52,0.834,0.155,0.005,0.457,0.087,0.55,1.447,0
17.195,0.866,0.157,0.005,0.358,0.085,0.447,1.437,0
16.79,0.83,0.148,0.006,0.474,0.092,0.572,1.464,0
17.245,0.832,0.124,0.006,0.45,0.086,0.542,1.469,0
17.045,0.847,0.148,0.005,0.4,0.084,0.489,1.472,0
16.62,0.837,0.16,0.005,0.451,0.086,0.543,1.486,0
16.735,0.858,0.161,0.006,0.381,0.088,0.474,1.503,0
17.09,0.837,0.181,0.006,0.46,0.092,0.558,1.519,0
16.965,0.833,0.111,0.006,0.458,0.095,0.559,1.534,0
16.73,0.843,0.125,0.005,0.422,0.091,0.518,1.534,0
16.96,0.821,0.164,0.006,0.488,0.094,0.588,1.536,0
16.575,0.841,0.167,0.005,0.408,0.087,0.5,1.527,0
16.945,0.839,0.123,0.005,0.427,0.085,0.517,1.415,0
16.68,0.862,0.141,0.005,0.38,0.086,0.471,1.409,0
16.615,0.855,0.123,0.005,0.402,0.085,0.493,1.397,0
17.155,0.861,0.148,0.004,0.363,0.073,0.44,1.411,0
16.705,0.853,0.107,0.006,0.399,0.09,0.494,1.411,0
16.495,0.819,0.207,0.006,0.481,0.098,0.585,1.402,0
16.52,0.818,0.134,0.006,0.465,0.096,0.567,1.402,0
16.655,0.858,0.117,0.006,0.394,0.09,0.489,1.402,0
17.07,0.851,0.133,0.005,0.413,0.083,0.5,1.426,0
17.075,0.839,0.147,0.005,0.432,0.082,0.519,1.41,0
17.13,0.833,0.142,0.006,0.456,0.088,0.549,1.413,0
16.835,0.855,0.144,0.006,0.392,0.085,0.482,1.431,0
16.95,0.86,0.158,0.005,0.382,0.071,0.458,1.426,0
17.3,0.836,0.179,0.005,0.436,0.077,0.518,1.433,0
16.745,0.855,0.167,0.005,0.391,0.081,0.477,1.441,0
17.235,0.858,0.166,0.005,0.399,0.079,0.484,1.432,0
16.34,0.847,0.129,0.005,0.418,0.087,0.51,1.438,0
16.42,0.862,0.108,0.005,0.387,0.081,0.473,1.451,0
16.83,0.864,0.132,0.005,0.37,0.075,0.45,1.457,0
16.48,0.852,0.158,0.005,0.398,0.075,0.478,1.488,0
16.395,0.855,0.161,0.005,0.403,0.081,0.49,1.508,0
16.71,0.855,0.147,0.005,0.411,0.086,0.502,1.558,0
16.575,0.858,0.162,0.005,0.383,0.074,0.461,1.536,0
16.295,0.855,0.119,0.005,0.381,0.08,0.466,1.456,0
16.61,0.86,0.145,0.005,0.368,0.077,0.45,1.405,0
16.655,0.862,0.093,0.005,0.374,0.077,0.456,1.418,0
16.81,0.862,0.153,0.005,0.383,0.071,0.459,1.418,0
16.675,0.869,0.162,0.005,0.364,0.079,0.448,1.412,0
16.85,0.87,0.133,0.005,0.347,0.07,0.423,1.421,0
16.57,0.85,0.158,0.005,0.383,0.076,0.463,1.421,0
16.53,0.856,0.154,0.005,0.388,0.072,0.466,1.421,0
16.955,0.851,0.096,0.005,0.386,0.076,0.467,1.426,0
16.47,0.86,0.151,0.005,0.365,0.076,0.445,1.446,0
16.315,0.847,0.123,0.005,0.414,0.079,0.497,1.44,0
16.35,0.863,0.124,0.005,0.368,0.077,0.45,1.428,0
16.965,0.846,0.147,0.005,0.426,0.078,0.509,1.44,0
16.41,0.878,0.116,0.005,0.324,0.078,0.407,1.428,0
16.415,0.86,0.17,0.005,0.377,0.075,0.457,1.462,0
16.54,0.857,0.15,0.005,0.384,0.077,0.466,1.449,0
16.34,0.844,0.096,0.005,0.41,0.085,0.5,1.471,0
16.995,0.889,0.156,0.004,0.308,0.068,0.38,1.475,0
16.39,0.845,0.129,0.005,0.402,0.076,0.483,1.514,0
16.33,0.868,0.171,0.005,0.358,0.078,0.44,1.527,0
15.855,0.832,0.143,0.005,0.44,0.088,0.534,1.533,0
16.065,0.853,0.145,0.005,0.369,0.075,0.448,1.535,0
15.88,0.869,0.116,0.005,0.359,0.082,0.446,1.533,0
16.055,0.869,0.177,0.005,0.365,0.08,0.449,1.51,0
16.005,0.88,0.127,0.004,0.327,0.071,0.402,1.399,0
16.44,0.869,0.148,0.005,0.36,0.074,0.438,1.403,0
17.03,0.876,0.132,0.004,0.312,0.07,0.386,1.408,0
16.16,0.864,0.148,0.005,0.351,0.077,0.433,1.401,0
16.01,0.858,0.142,0.005,0.382,0.081,0.468,1.409,0
16.41,0.854,0.128,0.005,0.396,0.081,0.482,1.425,0
16.445,0.863,0.207,0.005,0.364,0.08,0.449,1.402,0
16.28,0.863,0.128,0.005,0.37,0.071,0.446,1.409,0
16.005,0.852,0.121,0.004,0.389,0.076,0.47,1.406,0
16.335,0.882,0.145,0.004,0.325,0.065,0.394,1.411,0
16.675,0.87,0.143,0.005,0.366,0.071,0.441,1.424,0
16.31,0.87,0.178,0.005,0.354,0.076,0.434,1.418,0
16.325,0.836,0.146,0.005,0.424,0.068,0.497,1.423,0
16.19,0.87,0.155,0.005,0.344,0.073,0.422,1.421,0
16.57,0.861,0.137,0.004,0.355,0.063,0.422,1.428,0
16.5,0.882,0.178,0.004,0.315,0.071,0.39,1.437,0
16.23,0.88,0.183,0.005,0.322,0.068,0.394,1.474,0
16.565,0.878,0.142,0.004,0.324,0.068,0.396,1.481,0
16.18,0.868,0.13,0.005,0.368,0.072,0.445,1.504,0
16.18,0.869,0.126,0.004,0.353,0.073,0.431,1.536,0
16.575,0.879,0.164,0.004,0.359,0.068,0.43,1.532,0
15.755,0.861,0.133,0.005,0.371,0.075,0.45,1.533,0
16.4,0.89,0.186,0.005,0.305,0.068,0.377,1.536,0
16.23,0.874,0.165,0.004,0.331,0.062,0.397,1.452,0
16.09,0.881,0.115,0.004,0.329,0.062,0.395,1.417,0
16.095,0.896,0.14,0.004,0.278,0.064,0.346,1.405,0
16.56,0.87,0.145,0.004,0.338,0.073,0.415,1.415,0
16.03,0.888,0.18,0.004,0.315,0.071,0.39,1.403,0
16.135,0.877,0.153,0.005,0.325,0.071,0.401,1.43,0
16.13,0.87,0.125,0.004,0.352,0.071,0.428,1.409,0
16.05,0.878,0.133,0.005,0.343,0.065,0.413,1.418,0
16.28,0.885,0.138,0.004,0.307,0.058,0.369,1.422,0
16.42,0.878,0.11,0.004,0.323,0.063,0.39,1.418,0
15.835,0.877,0.13,0.004,0.341,0.064,0.408,1.423,0
16.405,0.888,0.137,0.004,0.312,0.064,0.38,1.421,0
15.765,0.876,0.127,0.004,0.32,0.078,0.402,1.44,0
16.26,0.88,0.119,0.004,0.327,0.065,0.397,1.444,0
16.04,0.852,0.137,0.004,0.394,0.076,0.475,1.444,0
15.575,0.889,0.116,0.005,0.311,0.069,0.384,1.469,0
15.91,0.88,0.145,0.004,0.321,0.066,0.391,1.461,0
15.85,0.872,0.16,0.004,0.338,0.071,0.413,1.485,0
16.095,0.88,0.17,0.005,0.335,0.066,0.405,1.489,0
15.805,0.879,0.175,0.005,0.342,0.071,0.417,1.495,0
15.855,0.895,0.129,0.004,0.287,0.065,0.356,1.501,0
15.825,0.869,0.169,0.004,0.357,0.072,0.433,1.533,0
15.58,0.875,0.168,0.004,0.357,0.071,0.432,1.534,0
15.92,0.865,0.157,0.005,0.344,0.065,0.414,1.487,0
15.72,0.888,0.138,0.004,0.294,0.064,0.362,1.394,0
16.285,0.894,0.125,0.004,0.293,0.065,0.362,1.412,0
15.93,0.897,0.15,0.004,0.283,0.062,0.349,1.411,0
15.805,0.887,0.161,0.004,0.306,0.068,0.378,1.409,0
15.985,0.884,0.149,0.004,0.318,0.068,0.391,1.397,0
15.82,0.904,0.124,0.004,0.271,0.054,0.329,1.404,0
15.885,0.888,0.134,0.004,0.308,0.063,0.375,1.407,0
15.795,0.872,0.136,0.004,0.346,0.063,0.413,1.398,0
15.895,0.874,0.118,0.004,0.324,0.069,0.397,1.402,0
15.41,0.887,0.12,0.005,0.317,0.073,0.395,1.414,0
15.635,0.864,0.133,0.004,0.372,0.073,0.45,1.438,0
16.05,0.878,0.151,0.004,0.324,0.061,0.389,1.442,0
15.555,0.879,0.154,0.004,0.322,0.065,0.391,1.423,0
15.57,0.879,0.167,0.004,0.308,0.063,0.375,1.439,0
15.85,0.882,0.149,0.004,0.33,0.062,0.396,1.44,0
15.47,0.889,0.121,0.003,0.29,0.062,0.355,1.461,0
15.8,0.907,0.128,0.003,0.26,0.059,0.323,1.469,0
15.64,0.904,0.177,0.004,0.269,0.061,0.334,1.479,0
15.5,0.888,0.152,0.005,0.3,0.061,0.366,1.509,0
15.62,0.893,0.157,0.004,0.289,0.058,0.351,1.529,0
15.965,0.895,0.136,0.004,0.299,0.059,0.363,1.545,0
15.78,0.886,0.141,0.004,0.293,0.063,0.36,1.544,0
16.275,0.903,0.128,0.004,0.276,0.056,0.335,1.546,0
15.555,0.898,0.12,0.004,0.289,0.059,0.352,1.432,0
15.68,0.89,0.104,0.004,0.322,0.06,0.386,1.409,0
15.77,0.904,0.157,0.004,0.27,0.06,0.334,1.406,0
15.92,0.878,0.145,0.004,0.328,0.068,0.4,1.406,0
15.885,0.89,0.125,0.004,0.296,0.064,0.364,1.415,0
15.25,0.889,0.13,0.004,0.298,0.063,0.365,1.419,0
15.925,0.884,0.185,0.004,0.294,0.057,0.355,1.415,0
15.795,0.892,0.125,0.004,0.294,0.061,0.359,1.421,0
15.8,0.891,0.144,0.004,0.284,0.055,0.343,1.436,0
15.405,0.886,0.149,0.004,0.317,0.058,0.379,1.421,0
15.415,0.901,0.15,0.003,0.256,0.053,0.312,1.431,0
15.595,0.907,0.154,0.004,0.253,0.061,0.317,1.443,0
15.085,0.886,0.172,0.004,0.314,0.067,0.385,1.441,0
15.35,0.903,0.162,0.004,0.26,0.059,0.323,1.446,0
15.215,0.895,0.106,0.004,0.266,0.063,0.334,1.45,0
15.06,0.904,0.17,0.004,0.27,0.061,0.334,1.467,0
15.18,0.903,0.143,0.004,0.273,0.062,0.339,1.477,0
15.11,0.894,0.103,0.004,0.3,0.06,0.364,1.447,0
15.075,0.896,0.163,0.004,0.279,0.064,0.347,1.456,0
15.695,0.899,0.137,0.004,0.266,0.059,0.329,1.484,0
15.505,0.896,0.158,0.004,0.284,0.049,0.337,1.503,0
15.155,0.901,0.112,0.004,0.267,0.068,0.339,1.537,0
16.05,0.899,0.19,0.003,0.283,0.054,0.341,1.54,0
15.455,0.897,0.13,0.004,0.288,0.058,0.35,1.462,0
15.045,0.904,0.156,0.004,0.266,0.057,0.327,1.394,0
15.94,0.886,0.131,0.004,0.294,0.057,0.355,1.401,0
15.915,0.895,0.15,0.003,0.274,0.056,0.333,1.391,0
15.33,0.897,0.16,0.004,0.275,0.061,0.34,1.401,0
15.8,0.893,0.15,0.004,0.286,0.061,0.351,1.428,0
15.155,0.913,0.16,0.004,0.253,0.057,0.314,1.417,0
15.25,0.908,0.165,0.003,0.25,0.052,0.305,1.423,0
15.2,0.914,0.155,0.003,0.236,0.049,0.288,1.427,0
15.165,0.898,0.134,0.004,0.292,0.062,0.357,1.423,0
15.985,0.902,0.092,0.004,0.268,0.058,0.33,1.414,0
15.405,0.898,0.173,0.004,0.281,0.053,0.338,1.419,0
15.485,0.913,0.151,0.003,0.236,0.053,0.293,1.426,0
15.51,0.891,0.161,0.004,0.288,0.062,0.353,1.441,0
15.7,0.899,0.12,0.004,0.274,0.058,0.336,1.453,0
15.115,0.905,0.151,0.004,0.254,0.06,0.318,1.45,0
15.375,0.909,0.125,0.004,0.245,0.051,0.299,1.461,0
15.065,0.912,0.136,0.003,0.246,0.051,0.301,1.493,0
15.725,0.9,0.166,0.004,0.268,0.06,0.332,1.504,0
15.605,0.899,0.178,0.004,0.271,0.055,0.329,1.518,0
15.275,0.896,0.137,0.004,0.278,0.054,0.336,1.533,0
15.645,0.907,0.131,0.004,0.255,0.055,0.314,1.542,0
15.01,0.894,0.158,0.004,0.308,0.065,0.377,1.532,0
15.21,0.914,0.142,0.003,0.24,0.046,0.289,1.514,0
15.095,0.911,0.157,0.003,0.239,0.052,0.295,1.399,0
15.45,0.903,0.159,0.003,0.266,0.06,0.33,1.399,0
15.415,0.889,0.159,0.003,0.279,0.057,0.339,1.42,0
15.105,0.911,0.116,0.003,0.245,0.05,0.297,1.426,0
15.18,0.899,0.165,0.004,0.285,0.058,0.346,1.413,0
15.295,0.923,0.162,0.003,0.215,0.05,0.269,1.414,0
14.955,0.901,0.101,0.003,0.267,0.052,0.321,1.431,0
15.215,0.912,0.157,0.004,0.249,0.052,0.305,1.431,0
15.37,0.908,0.145,0.003,0.243,0.046,0.292,1.433,0
15.315,0.905,0.144,0.004,0.25,0.053,0.306,1.417,0
15.32,0.901,0.142,0.003,0.266,0.057,0.326,1.416,0
15.045,0.894,0.147,0.004,0.276,0.062,0.341,1.418,0
14.915,0.902,0.096,0.003,0.255,0.05,0.308,1.422,0
14.82,0.923,0.136,0.003,0.203,0.05,0.256,1.445,0
14.61,0.904,0.122,0.003,0.248,0.056,0.307,1.434,0
14.835,0.918,0.142,0.004,0.232,0.053,0.288,1.432,0
14.55,0.907,0.218,0.004,0.261,0.052,0.316,1.44,0
14.585,0.908,0.152,0.003,0.256,0.058,0.317,1.449,0
15.14,0.918,0.119,0.003,0.227,0.049,0.279,1.466,0
14.815,0.921,0.192,0.003,0.222,0.053,0.278,1.492,0
14.985,0.887,0.178,0.004,0.295,0.056,0.355,1.534,0
14.815,0.898,0.147,0.004,0.268,0.055,0.327,1.602,0
15.115,0.915,0.13,0.003,0.246,0.048,0.297,1.564,0
14.965,0.915,0.113,0.003,0.237,0.051,0.292,1.461,0
14.77,0.912,0.101,0.003,0.233,0.05,0.286,1.409,0
15.29,0.908,0.141,0.003,0.249,0.053,0.306,1.412,0
14.715,0.897,0.139,0.003,0.267,0.053,0.323,1.409,0
15.33,0.902,0.13,0.003,0.272,0.05,0.325,1.41,0
14.975,0.902,0.135,0.003,0.262,0.057,0.323,1.418,0
14.77,0.919,0.124,0.003,0.228,0.052,0.283,1.414,0
14.945,0.916,0.201,0.003,0.236,0.045,0.284,1.413,0
15.21,0.906,0.163,0.003,0.247,0.049,0.298,1.422,0
14.61,0.916,0.098,0.003,0.229,0.051,0.284,1.427,0
14.49,0.903,0.153,0.003,0.261,0.051,0.315,1.431,0
14.935,0.903,0.146,0.003,0.265,0.055,0.324,1.441,0
14.79,0.909,0.155,0.004,0.229,0.05,0.283,1.441,0
14.95,0.909,0.146,0.003,0.242,0.054,0.299,1.438,0
14.77,0.921,0.149,0.003,0.217,0.048,0.268,1.457,0
14.855,0.904,0.153,0.003,0.253,0.052,0.308,1.456,0
14.73,0.909,0.107,0.003,0.238,0.053,0.295,1.474,0
14.98,0.91,0.171,0.003,0.233,0.052,0.288,1.463,0
15.11,0.901,0.123,0.003,0.262,0.055,0.32,1.496,0
14.98,0.895,0.135,0.003,0.295,0.056,0.354,1.524,0
14.74,0.904,0.172,0.003,0.26,0.053,0.316,1.539,0
15.445,0.927,0.114,0.003,0.206,0.042,0.25,1.538,0
14.755,0.91,0.137,0.003,0.243,0.05,0.296,1.544,0
13.935,0.926,0.129,0.003,0.208,0.045,0.256,1.492,0
14.745,0.92,0.13,0.003,0.217,0.041,0.262,1.395,0
14.115,0.917,0.17,0.003,0.233,0.058,0.294,1.393,0
14.7,0.917,0.108,0.003,0.229,0.046,0.278,1.402,0
15.085,0.907,0.139,0.003,0.262,0.051,0.315,1.41,0
14.585,0.921,0.195,0.003,0.209,0.051,0.262,1.404,0
14.595,0.918,0.146,0.003,0.23,0.045,0.279,1.415,0
15.005,0.922,0.153,0.003,0.217,0.051,0.271,1.411,0
14.4,0.902,0.148,0.003,0.277,0.055,0.336,1.425,0
15.23,0.91,0.176,0.003,0.245,0.044,0.292,1.412,0
14.785,0.907,0.137,0.003,0.255,0.053,0.312,1.397,0
14.98,0.914,0.162,0.003,0.234,0.047,0.284,1.406,0
14.875,0.905,0.159,0.003,0.255,0.056,0.314,1.41,0
15.01,0.924,0.13,0.003,0.2,0.051,0.254,1.433,0
14.925,0.924,0.139,0.003,0.206,0.052,0.261,1.43,0
14.525,0.92,0.118,0.003,0.212,0.047,0.261,1.432,0
15.25,0.918,0.151,0.003,0.224,0.045,0.272,1.423,0
15.09,0.921,0.158,0.003,0.21,0.044,0.257,1.436,0
14.49,0.909,0.093,0.003,0.245,0.055,0.304,1.483,0
15.005,0.906,0.108,0.003,0.256,0.057,0.317,1.499,0
14.235,0.904,0.155,0.003,0.26,0.055,0.318,1.53,0
14.84,0.909,0.151,0.003,0.251,0.052,0.306,1.536,0
14.51,0.916,0.129,0.003,0.235,0.057,0.295,1.542,0
14.68,0.913,0.143,0.003,0.229,0.049,0.281,1.533,0
14.48,0.9,0.18,0.003,0.266,0.056,0.325,1.422,0
14.855,0.925,0.119,0.003,0.198,0.043,0.244,1.417,0
14.24,0.917,0.114,0.003,0.217,0.046,0.266,1.413,0
14.665,0.919,0.133,0.003,0.234,0.052,0.288,1.411,0
14.56,0.916,0.165,0.003,0.226,0.049,0.277,1.416,0
14.815,0.927,0.159,0.003,0.202,0.044,0.249,1.427,0
15.19,0.916,0.135,0.003,0.23,0.054,0.287,1.429,0
14.45,0.926,0.128,0.002,0.206,0.044,0.253,1.432,0
14.455,0.919,0.147,0.003,0.217,0.051,0.271,1.432,0
13.91,0.923,0.16,0.003,0.209,0.047,0.259,1.413,0
14.28,0.918,0.178,0.002,0.221,0.046,0.269,1.436,0
14.035,0.931,0.14,0.003,0.198,0.049,0.25,1.441,0
13.37,0.923,0.162,0.003,0.216,0.052,0.271,1.431,0
14.06,0.928,0.157,0.003,0.193,0.044,0.24,1.422,0
14.15,0.907,0.155,0.003,0.246,0.052,0.301,1.465,0
14.39,0.937,0.147,0.003,0.174,0.043,0.22,1.473,0
14.24,0.911,0.184,0.003,0.244,0.05,0.298,1.487,0
13.87,0.912,0.131,0.003,0.229,0.047,0.279,1.495,0
14.66,0.922,0.128,0.003,0.227,0.047,0.277,1.511,0
14.065,0.929,0.173,0.003,0.205,0.046,0.254,1.502,0
14.56,0.92,0.126,0.003,0.211,0.04,0.254,1.527,0
14.415,0.925,0.18,0.003,0.203,0.042,0.247,1.532,0
14.26,0.909,0.152,0.003,0.254,0.049,0.307,1.547,0
14.61,0.913,0.148,0.003,0.231,0.05,0.284,1.483,0
14.375,0.927,0.168,0.003,0.208,0.045,0.257,1.414,0
14.415,0.929,0.168,0.003,0.2,0.044,0.247,1.399,0
14.475,0.915,0.14,0.003,0.234,0.053,0.29,1.393,0
14.2,0.918,0.118,0.003,0.228,0.049,0.28,1.401,0
14.88,0.921,0.112,0.003,0.208,0.041,0.252,1.421,0
14.575,0.936,0.137,0.003,0.174,0.045,0.222,1.418,0
14.3,0.912,0.155,0.003,0.242,0.054,0.299,1.417,0
14.22,0.936,0.131,0.003,0.18,0.044,0.226,1.416,0
14.695,0.931,0.129,0.003,0.189,0.047,0.238,1.422,0
14.565,0.934,0.11,0.002,0.189,0.04,0.231,1.424,0
14.1,0.926,0.143,0.003,0.209,0.051,0.262,1.423,0
14.445,0.917,0.165,0.003,0.224,0.044,0.271,1.423,0
14.51,0.93,0.144,0.002,0.188,0.042,0.233,1.446,0
13.86,0.919,0.142,0.003,0.221,0.048,0.272,1.443,0
14.18,0.924,0.138,0.003,0.207,0.049,0.259,1.453,0
13.84,0.921,0.122,0.002,0.213,0.042,0.257,1.456,0
13.825,0.917,0.143,0.003,0.213,0.044,0.259,1.471,0
14.575,0.931,0.164,0.003,0.206,0.044,0.253,1.475,0
14.195,0.921,0.154,0.003,0.209,0.048,0.259,1.492,0
14.27,0.939,0.133,0.002,0.164,0.037,0.203,1.526,0
14.645,0.935,0.071,0.003,0.182,0.044,0.229,1.559,0
14.155,0.921,0.122,0.003,0.219,0.057,0.28,1.537,0
14.215,0.923,0.179,0.003,0.204,0.049,0.256,1.554,0
13.525,0.928,0.139,0.003,0.197,0.041,0.241,1.435,0
14.19,0.926,0.181,0.003,0.198,0.049,0.25,1.409,0
14.34,0.928,0.11,0.002,0.194,0.047,0.243,1.417,0
14.16,0.92,0.126,0.003,0.214,0.045,0.261,1.405,0
13.665,0.913,0.142,0.003,0.229,0.042,0.274,1.433,0
13.735,0.914,0.138,0.003,0.245,0.048,0.296,1.412,0
14.07,0.925,0.147,0.003,0.199,0.043,0.245,1.409,0
13.955,0.933,0.12,0.003,0.188,0.045,0.236,1.414,0
14.63,0.942,0.128,0.002,0.162,0.036,0.2,1.436,0
13.58,0.931,0.126,0.003,0.194,0.045,0.242,1.442,0
13.975,0.916,0.097,0.003,0.223,0.048,0.275,1.437,0
14.245,0.928,0.142,0.003,0.196,0.04,0.239,1.433,0
14.305,0.928,0.136,0.003,0.199,0.045,0.246,1.441,0
13.51,0.931,0.125,0.003,0.185,0.045,0.233,1.463,0
13.865,0.915,0.138,0.003,0.216,0.042,0.261,1.469,0
13.86,0.925,0.136,0.003,0.209,0.045,0.257,1.466,0
14.12,0.937,0.138,0.002,0.169,0.042,0.213,1.471,0
14.115,0.925,0.198,0.002,0.2,0.041,0.244,1.459,0
13.81,0.915,0.11,0.003,0.221,0.05,0.274,1.47,0
14.26,0.929,0.15,0.002,0.196,0.041,0.24,1.497,0
13.975,0.925,0.122,0.003,0.203,0.047,0.252,1.524,0
13.915,0.943,0.137,0.002,0.169,0.039,0.211,1.531,0
13.535,0.942,0.159,0.003,0.159,0.04,0.201,1.53,0
14.07,0.917,0.179,0.002,0.228,0.038,0.268,1.45,0
14.36,0.923,0.133,0.003,0.214,0.048,0.264,1.397,0
13.77,0.926,0.151,0.003,0.195,0.044,0.242,1.4,0
14.15,0.932,0.163,0.002,0.183,0.042,0.227,1.4,0
14.125,0.931,0.162,0.003,0.183,0.04,0.226,1.406,0
12.965,0.925,0.106,0.003,0.21,0.049,0.262,1.401,0
14.055,0.932,0.125,0.002,0.183,0.042,0.227,1.411,0
13.01,0.933,0.156,0.003,0.188,0.044,0.235,1.443,0
14.23,0.93,0.131,0.002,0.191,0.043,0.236,1.424,0
14,0.918,0.134,0.002,0.215,0.04,0.258,1.409,0
13.895,0.925,0.137,0.003,0.202,0.043,0.248,1.417,0
14.57,0.934,0.097,0.002,0.177,0.039,0.218,1.433,0
13.89,0.935,0.181,0.002,0.171,0.038,0.211,1.442,0
13.93,0.928,0.128,0.002,0.187,0.042,0.231,1.438,0
13.77,0.938,0.156,0.002,0.174,0.042,0.218,1.448,0
14.14,0.935,0.132,0.002,0.166,0.039,0.208,1.46,0
14.6,0.926,0.13,0.002,0.2,0.038,0.241,1.46,0
14.8,0.927,0.136,0.002,0.186,0.044,0.232,1.474,0
13.905,0.92,0.142,0.003,0.211,0.048,0.262,1.489,0
14.34,0.928,0.148,0.003,0.191,0.043,0.237,1.52,0
14.01,0.932,0.14,0.002,0.192,0.041,0.235,1.55,0
14.31,0.932,0.148,0.002,0.188,0.041,0.231,1.548,0
13.96,0.929,0.135,0.002,0.203,0.047,0.252,1.543,0
14.115,0.915,0.159,0.003,0.234,0.05,0.286,1.519,0
14.47,0.929,0.137,0.002,0.19,0.039,0.231,1.419,0
14.125,0.93,0.104,0.003,0.196,0.038,0.236,1.405,0
13.66,0.923,0.156,0.002,0.202,0.041,0.245,1.409,0
14.42,0.926,0.117,0.002,0.195,0.037,0.234,1.423,0
13.5,0.935,0.126,0.002,0.17,0.047,0.219,1.417,0
13.955,0.937,0.127,0.002,0.169,0.042,0.213,1.419,0
14.255,0.924,0.12,0.002,0.206,0.044,0.252,1.491,0
14.125,0.938,0.105,0.002,0.167,0.038,0.208,1.455,0
14.47,0.938,0.144,0.002,0.173,0.039,0.214,1.465,0
14.36,0.932,0.116,0.002,0.188,0.041,0.231,1.466,0
13.815,0.93,0.148,0.002,0.188,0.04,0.231,1.475,0
13.53,0.935,0.123,0.002,0.174,0.042,0.219,1.464,0
13.74,0.94,0.126,0.002,0.166,0.042,0.21,1.47,0
13.93,0.936,0.13,0.003,0.173,0.041,0.217,1.47,0
14.1,0.929,0.096,0.003,0.192,0.042,0.236,1.474,0
14.105,0.93,0.121,0.002,0.194,0.035,0.231,1.488,0
13.675,0.931,0.134,0.003,0.191,0.046,0.24,1.495,0
13.89,0.932,0.162,0.002,0.185,0.044,0.231,1.514,0
14.19,0.932,0.153,0.002,0.182,0.037,0.221,1.53,0
13.9,0.93,0.127,0.002,0.189,0.04,0.232,1.554,0
14.04,0.939,0.182,0.002,0.165,0.041,0.209,1.572,0
13.57,0.942,0.155,0.002,0.16,0.043,0.206,1.572,0
14.165,0.94,0.165,0.002,0.174,0.04,0.216,1.576,0
13.44,0.917,0.16,0.002,0.228,0.047,0.277,1.483,0
13.98,0.923,0.133,0.002,0.21,0.04,0.253,1.448,0
14.415,0.939,0.127,0.002,0.161,0.039,0.202,1.454,0
13.87,0.943,0.148,0.002,0.158,0.038,0.198,1.458,0
14.22,0.935,0.133,0.002,0.185,0.042,0.229,1.467,0
14.07,0.935,0.125,0.002,0.177,0.037,0.216,1.455,0
13.705,0.931,0.155,0.002,0.191,0.042,0.235,1.458,0
13.615,0.913,0.165,0.003,0.228,0.052,0.282,1.451,0
14.025,0.944,0.18,0.002,0.167,0.039,0.208,1.478,0
13.84,0.937,0.14,0.002,0.182,0.039,0.224,1.464,0
14.63,0.931,0.134,0.002,0.19,0.042,0.234,1.452,0
13.89,0.938,0.112,0.002,0.166,0.044,0.213,1.457,0
14.23,0.932,0.148,0.002,0.176,0.041,0.22,1.446,0
13.95,0.918,0.107,0.002,0.223,0.043,0.268,1.452,0
13.86,0.933,0.15,0.002,0.175,0.038,0.216,1.46,0
14.395,0.929,0.181,0.002,0.195,0.038,0.235,1.465,0
14.3,0.943,0.12,0.002,0.157,0.039,0.198,1.478,0
14.125,0.944,0.149,0.002,0.149,0.033,0.184,1.493,0
13.945,0.95,0.129,0.002,0.145,0.037,0.184,1.51,0
13.55,0.926,0.159,0.003,0.193,0.045,0.24,1.529,0
14.125,0.926,0.131,0.002,0.196,0.045,0.243,1.545,0
14.165,0.925,0.129,0.002,0.217,0.04,0.259,1.553,0
13.75,0.933,0.117,0.002,0.191,0.036,0.229,1.544,0
13.2,0.93,0.12,0.002,0.187,0.038,0.227,1.505,0
14.25,0.929,0.133,0.002,0.194,0.04,0.236,1.41,0
14.205,0.934,0.137,0.002,0.178,0.045,0.225,1.409,0
14.395,0.939,0.119,0.002,0.168,0.039,0.209,1.416,0
13.815,0.936,0.129,0.002,0.176,0.038,0.216,1.431,0
13.795,0.941,0.113,0.002,0.157,0.038,0.197,1.417,0
13.68,0.947,0.135,0.002,0.138,0.036,0.176,1.456,0
13.745,0.948,0.16,0.002,0.145,0.038,0.185,1.465,0
14.305,0.935,0.145,0.002,0.17,0.041,0.213,1.482,0
13.525,0.934,0.145,0.002,0.187,0.041,0.23,1.466,0
13.87,0.943,0.13,0.002,0.156,0.037,0.196,1.459,0
13.955,0.942,0.133,0.002,0.146,0.034,0.183,1.484,0
13.775,0.937,0.17,0.002,0.172,0.043,0.217,1.47,0
13.495,0.93,0.156,0.002,0.192,0.04,0.234,1.475,0
13.94,0.917,0.163,0.003,0.218,0.048,0.269,1.481,0
13.425,0.944,0.184,0.002,0.151,0.039,0.192,1.502,0
13.46,0.942,0.149,0.002,0.166,0.033,0.202,1.519,0
13.525,0.933,0.139,0.002,0.18,0.037,0.22,1.543,0
13.395,0.935,0.144,0.002,0.18,0.048,0.231,1.594,0
13.76,0.944,0.16,0.002,0.148,0.034,0.184,1.67,0
13.305,0.934,0.142,0.002,0.17,0.037,0.209,1.686,0
13.655,0.947,0.156,0.002,0.154,0.032,0.187,1.677,0
14.385,0.942,0.121,0.002,0.16,0.035,0.196,1.675,0
13.995,0.927,0.14,0.002,0.195,0.043,0.241,1.682,0
13.7,0.928,0.126,0.002,0.192,0.04,0.234,1.459,0
14.01,0.94,0.148,0.002,0.158,0.039,0.198,1.457,0
13.635,0.941,0.122,0.002,0.157,0.039,0.198,1.481,0
13.85,0.939,0.159,0.002,0.168,0.036,0.206,1.458,0
13.05,0.938,0.173,0.002,0.168,0.037,0.207,1.459,0
13.61,0.946,0.145,0.002,0.147,0.034,0.183,1.474,0
13.075,0.949,0.124,0.002,0.144,0.04,0.186,1.474,0
13.385,0.944,0.129,0.002,0.154,0.035,0.191,1.47,0
14.185,0.95,0.148,0.002,0.141,0.033,0.175,1.463,0
13.295,0.932,0.112,0.002,0.183,0.039,0.224,1.484,0
13.695,0.929,0.152,0.002,0.192,0.038,0.233,1.473,0
13.995,0.931,0.132,0.002,0.188,0.04,0.231,1.492,0
14.07,0.932,0.121,0.003,0.19,0.049,0.242,1.481,0
14.365,0.933,0.134,0.002,0.176,0.037,0.214,1.505,0
13.86,0.935,0.09,0.002,0.172,0.036,0.21,1.471,0
12.91,0.938,0.157,0.002,0.169,0.036,0.207,1.485,0
12.88,0.934,0.105,0.002,0.199,0.042,0.244,1.503,0
14.17,0.949,0.151,0.002,0.137,0.034,0.173,1.508,0
13.925,0.945,0.129,0.002,0.148,0.032,0.181,1.553,0
13.385,0.927,0.162,0.002,0.183,0.04,0.224,1.546,0
13.885,0.94,0.132,0.002,0.155,0.034,0.191,1.569,0
13.975,0.947,0.155,0.002,0.143,0.031,0.175,1.594,0
14.28,0.937,0.128,0.002,0.168,0.04,0.21,1.589,0
13.385,0.932,0.162,0.002,0.173,0.046,0.222,1.511,0
14.295,0.943,0.125,0.002,0.159,0.038,0.199,1.417,0
14.385,0.937,0.156,0.002,0.161,0.037,0.2,1.426,0
13.43,0.932,0.174,0.002,0.183,0.04,0.224,1.421,0
13.665,0.93,0.179,0.002,0.191,0.043,0.236,1.415,0
13.41,0.944,0.165,0.002,0.147,0.037,0.186,1.404,0
13.275,0.946,0.172,0.002,0.154,0.034,0.189,1.418,0
12.95,0.951,0.148,0.002,0.136,0.031,0.169,1.41,0
13.17,0.956,0.121,0.002,0.132,0.034,0.167,1.426,0
13.455,0.937,0.182,0.002,0.172,0.039,0.213,1.428,0
13.06,0.929,0.133,0.002,0.188,0.038,0.228,1.415,0
13.57,0.945,0.15,0.002,0.156,0.036,0.194,1.46,0
13.195,0.942,0.109,0.002,0.157,0.04,0.199,1.451,0
13.205,0.943,0.115,0.002,0.162,0.037,0.202,1.462,0
13.73,0.947,0.117,0.002,0.148,0.031,0.181,1.466,0
12.88,0.934,0.126,0.002,0.166,0.039,0.208,1.474,0
13.005,0.943,0.119,0.002,0.162,0.032,0.196,1.466,0
13.485,0.944,0.159,0.002,0.149,0.037,0.189,1.478,0
12.865,0.935,0.146,0.002,0.172,0.037,0.211,1.5,0
13.37,0.947,0.176,0.002,0.139,0.033,0.174,1.53,0
13.375,0.934,0.144,0.002,0.181,0.039,0.222,1.543,0
13.605,0.944,0.194,0.002,0.148,0.033,0.182,1.552,0
13.28,0.931,0.123,0.002,0.184,0.039,0.225,1.561,0
13.1,0.947,0.139,0.002,0.146,0.035,0.183,1.55,0
13.45,0.945,0.131,0.002,0.148,0.036,0.186,1.428,0
13.62,0.946,0.143,0.002,0.155,0.032,0.189,1.426,0
13.88,0.933,0.141,0.002,0.181,0.034,0.217,1.44,0
13.94,0.949,0.161,0.001,0.137,0.029,0.167,1.438,0
14.13,0.934,0.142,0.002,0.183,0.031,0.217,1.439,0
13.34,0.948,0.12,0.002,0.141,0.031,0.174,1.448,0
13.605,0.944,0.142,0.002,0.15,0.034,0.186,1.424,0
13.735,0.941,0.131,0.002,0.159,0.034,0.195,1.432,0
13.41,0.932,0.164,0.002,0.186,0.036,0.223,1.444,0
13.415,0.947,0.156,0.002,0.143,0.032,0.177,1.439,0
13.495,0.943,0.106,0.002,0.155,0.037,0.194,1.443,0
13.34,0.945,0.118,0.002,0.152,0.036,0.189,1.448,0
13.76,0.938,0.176,0.002,0.165,0.04,0.207,1.476,0
13.21,0.939,0.145,0.002,0.174,0.039,0.215,1.472,0
13.47,0.946,0.119,0.002,0.142,0.032,0.175,1.453,0
13.52,0.944,0.118,0.002,0.151,0.039,0.192,1.468,0
13.51,0.941,0.19,0.002,0.158,0.033,0.193,1.476,0
13.315,0.937,0.139,0.002,0.172,0.04,0.213,1.48,0
12.79,0.95,0.129,0.002,0.137,0.036,0.175,1.507,0
13.58,0.946,0.154,0.002,0.144,0.032,0.178,1.513,0
13.87,0.953,0.171,0.002,0.137,0.032,0.171,1.543,0
13.035,0.942,0.161,0.002,0.151,0.035,0.188,1.537,0
13.045,0.949,0.105,0.002,0.134,0.033,0.169,1.544,0
14.13,0.946,0.132,0.002,0.143,0.036,0.181,1.453,0
13.535,0.935,0.173,0.002,0.174,0.039,0.215,1.4,0
13.29,0.942,0.156,0.002,0.153,0.034,0.188,1.402,0
13.295,0.945,0.12,0.002,0.155,0.035,0.192,1.405,0
13.105,0.954,0.14,0.002,0.126,0.032,0.16,1.41,0
13.635,0.951,0.136,0.002,0.139,0.034,0.175,1.453,0
13.58,0.948,0.101,0.002,0.143,0.037,0.181,1.435,0
14.06,0.939,0.132,0.002,0.158,0.033,0.193,1.427,0
13.21,0.953,0.122,0.001,0.136,0.033,0.17,1.442,0
13.715,0.938,0.182,0.002,0.166,0.037,0.205,1.443,0
13.285,0.948,0.17,0.002,0.134,0.033,0.169,1.441,0
12.85,0.942,0.115,0.002,0.15,0.033,0.185,1.443,0
13.175,0.939,0.138,0.002,0.168,0.036,0.206,1.447,0
13.13,0.934,0.126,0.002,0.175,0.038,0.215,1.443,0
13.445,0.952,0.158,0.002,0.134,0.034,0.169,1.473,0
12.925,0.946,0.135,0.002,0.15,0.037,0.188,1.457,0
13.745,0.946,0.132,0.001,0.145,0.03,0.177,1.482,0
13.495,0.934,0.13,0.002,0.174,0.035,0.211,1.465,0
12.895,0.937,0.118,0.002,0.16,0.038,0.199,1.489,0
13.44,0.952,0.108,0.002,0.13,0.033,0.164,1.523,0
13.825,0.955,0.121,0.002,0.122,0.031,0.155,1.551,0
13.685,0.943,0.13,0.002,0.16,0.034,0.195,1.563,0
13.51,0.948,0.145,0.002,0.142,0.033,0.177,1.552,0
13.35,0.929,0.134,0.002,0.185,0.039,0.225,1.523,0
13.455,0.948,0.166,0.002,0.151,0.035,0.189,1.449,0
13.335,0.95,0.161,0.001,0.135,0.027,0.164,1.487,0
13.515,0.952,0.144,0.002,0.125,0.032,0.159,1.486,0
13.765,0.956,0.15,0.001,0.131,0.03,0.162,1.478,0
13.13,0.945,0.154,0.002,0.158,0.035,0.195,1.48,0
13.84,0.935,0.143,0.002,0.175,0.04,0.216,1.45,0
13.56,0.952,0.144,0.002,0.132,0.033,0.166,1.438,0
12.955,0.944,0.142,0.002,0.155,0.035,0.191,1.44,0
13.16,0.945,0.144,0.002,0.155,0.037,0.193,1.433,0
13.13,0.949,0.151,0.002,0.137,0.034,0.172,1.445,0
12.675,0.953,0.148,0.002,0.127,0.032,0.161,1.432,0
12.87,0.948,0.121,0.002,0.145,0.033,0.179,1.437,0
12.955,0.947,0.152,0.002,0.133,0.035,0.169,1.451,0
13.145,0.948,0.149,0.001,0.145,0.028,0.174,1.448,0
12.715,0.929,0.143,0.002,0.204,0.04,0.246,1.436,0
12.94,0.946,0.131,0.002,0.145,0.031,0.179,1.457,0
12.975,0.956,0.141,0.001,0.117,0.025,0.144,1.463,0
12.955,0.943,0.165,0.002,0.163,0.032,0.197,1.488,0
13.305,0.943,0.154,0.002,0.158,0.034,0.194,1.49,0
13.245,0.953,0.163,0.002,0.136,0.031,0.169,1.524,0
13.285,0.944,0.138,0.001,0.148,0.029,0.178,1.536,0
13.435,0.959,0.126,0.001,0.114,0.027,0.142,1.549,0
12.99,0.937,0.169,0.002,0.171,0.039,0.212,1.566,0
12.99,0.95,0.158,0.001,0.137,0.038,0.176,1.443,0
13.255,0.952,0.092,0.001,0.13,0.031,0.163,1.414,0
13.265,0.957,0.152,0.002,0.122,0.027,0.15,1.413,0
12.515,0.953,0.131,0.002,0.132,0.027,0.16,1.41,0
12.825,0.93,0.152,0.002,0.179,0.042,0.223,1.416,0
13.775,0.936,0.139,0.002,0.177,0.035,0.213,1.424,0
12.995,0.952,0.171,0.002,0.137,0.034,0.173,1.434,0
13.25,0.943,0.153,0.002,0.146,0.033,0.181,1.431,0
13.475,0.929,0.146,0.001,0.19,0.036,0.228,1.435,0
13.415,0.946,0.146,0.002,0.144,0.031,0.177,1.429,0
12.875,0.961,0.135,0.002,0.114,0.029,0.145,1.443,0
13.045,0.952,0.117,0.001,0.131,0.028,0.16,1.453,0
13.155,0.951,0.09,0.002,0.134,0.033,0.168,1.445,0
12.395,0.938,0.162,0.002,0.173,0.031,0.206,1.446,0
13.085,0.946,0.129,0.002,0.141,0.031,0.174,1.473,0
13.16,0.951,0.144,0.001,0.131,0.031,0.163,1.485,0
12.305,0.954,0.133,0.001,0.12,0.028,0.149,1.482,0
12.785,0.949,0.139,0.001,0.143,0.03,0.175,1.483,0
12.79,0.954,0.144,0.002,0.12,0.03,0.152,1.513,0
12.8,0.944,0.129,0.002,0.154,0.032,0.188,1.529,0
12.59,0.949,0.127,0.002,0.147,0.034,0.183,1.546,0
12.47,0.954,0.137,0.001,0.126,0.029,0.157,1.548,0
12.695,0.943,0.137,0.002,0.157,0.033,0.191,1.538,0
13.325,0.946,0.151,0.002,0.148,0.033,0.182,1.493,0
12.77,0.951,0.111,0.001,0.131,0.03,0.163,1.427,0
12.87,0.944,0.125,0.001,0.139,0.028,0.168,1.41,0
12.7,0.941,0.142,0.002,0.16,0.038,0.2,1.406,0
12.13,0.947,0.181,0.002,0.141,0.031,0.173,1.408,0
13.49,0.943,0.181,0.001,0.148,0.027,0.177,1.418,0
12.765,0.948,0.18,0.001,0.139,0.027,0.168,1.421,0
13.26,0.955,0.101,0.001,0.124,0.028,0.153,1.435,0
12.56,0.951,0.141,0.001,0.126,0.032,0.159,1.429,0
13.02,0.945,0.132,0.002,0.143,0.03,0.175,1.424,0
12.535,0.944,0.143,0.001,0.15,0.03,0.181,1.427,0
13.235,0.954,0.173,0.001,0.128,0.029,0.158,1.424,0
12.69,0.952,0.124,0.002,0.133,0.034,0.168,1.428,0
12.555,0.96,0.145,0.001,0.111,0.028,0.14,1.442,0
12.68,0.955,0.114,0.001,0.121,0.029,0.151,1.432,0
12.775,0.948,0.156,0.002,0.148,0.031,0.18,1.441,0
12.39,0.958,0.14,0.001,0.118,0.024,0.144,1.449,0
12.795,0.952,0.102,0.002,0.132,0.036,0.17,1.479,0
12.1,0.945,0.139,0.002,0.145,0.035,0.182,1.507,0
13.185,0.938,0.153,0.002,0.162,0.03,0.194,1.509,0
12.565,0.954,0.125,0.001,0.126,0.029,0.156,1.544,0
12.555,0.945,0.145,0.001,0.149,0.031,0.181,1.543,0
12.78,0.948,0.127,0.002,0.159,0.029,0.19,1.54,0
12.69,0.952,0.144,0.002,0.134,0.029,0.165,1.544,0
12.975,0.952,0.156,0.001,0.135,0.026,0.162,1.426,0
12.81,0.963,0.141,0.001,0.101,0.03,0.132,1.428,0
12.125,0.948,0.124,0.001,0.149,0.032,0.182,1.432,0
12.16,0.945,0.131,0.002,0.141,0.034,0.176,1.43,0
12.355,0.945,0.148,0.001,0.152,0.032,0.185,1.445,0
12.28,0.95,0.152,0.001,0.126,0.029,0.156,1.442,0
12.7,0.944,0.107,0.001,0.147,0.031,0.18,1.442,0
12.245,0.957,0.138,0.002,0.118,0.03,0.15,1.42,0
12.915,0.946,0.122,0.002,0.145,0.028,0.175,1.436,0
11.98,0.949,0.179,0.001,0.136,0.03,0.168,1.442,0
12.525,0.954,0.149,0.001,0.126,0.03,0.158,1.457,0
12.43,0.958,0.177,0.002,0.123,0.028,0.152,1.444,0
12.285,0.954,0.12,0.002,0.124,0.029,0.155,1.439,0
12.725,0.951,0.104,0.002,0.138,0.036,0.175,1.465,0
12.67,0.956,0.167,0.001,0.122,0.023,0.146,1.454,0
12.885,0.957,0.144,0.001,0.117,0.028,0.146,1.472,0
12.925,0.959,0.184,0.001,0.115,0.028,0.144,1.479,0
12.415,0.958,0.149,0.001,0.112,0.027,0.141,1.497,0
12.685,0.936,0.144,0.002,0.178,0.033,0.212,1.514,0
12.19,0.956,0.17,0.001,0.117,0.027,0.146,1.513,0
12.67,0.942,0.142,0.001,0.166,0.035,0.202,1.523,0
12.205,0.949,0.16,0.002,0.134,0.03,0.166,1.541,0
12.32,0.956,0.161,0.001,0.123,0.03,0.154,1.541,0
12.61,0.955,0.138,0.001,0.123,0.028,0.152,1.477,0
12.31,0.957,0.127,0.001,0.116,0.03,0.147,1.415,0
12.585,0.952,0.164,0.001,0.129,0.03,0.161,1.402,0
13.04,0.953,0.133,0.001,0.127,0.025,0.154,1.408,0
12.5,0.952,0.144,0.001,0.13,0.03,0.16,1.411,0
12.66,0.95,0.152,0.001,0.133,0.028,0.162,1.408,0
12.895,0.954,0.138,0.001,0.126,0.026,0.153,1.401,0
12.295,0.953,0.161,0.001,0.134,0.029,0.165,1.401,0
12.665,0.953,0.132,0.001,0.138,0.028,0.168,1.411,0
12.42,0.955,0.143,0.002,0.133,0.028,0.163,1.42,0
12.56,0.953,0.147,0.001,0.124,0.028,0.153,1.41,0
12.125,0.951,0.135,0.002,0.129,0.033,0.163,1.451,0
12.45,0.941,0.125,0.002,0.161,0.034,0.196,1.451,0
12.175,0.958,0.14,0.001,0.114,0.027,0.142,1.456,0
12.135,0.952,0.176,0.001,0.123,0.03,0.154,1.46,0
12.305,0.946,0.132,0.001,0.145,0.029,0.176,1.475,0
11.96,0.958,0.179,0.001,0.116,0.026,0.143,1.462,0
12.1,0.962,0.17,0.001,0.111,0.025,0.137,1.466,0
11.95,0.946,0.145,0.001,0.143,0.031,0.175,1.483,0
11.95,0.962,0.158,0.001,0.111,0.027,0.139,1.509,0
11.72,0.958,0.155,0.001,0.111,0.027,0.14,1.533,0
12.51,0.952,0.122,0.001,0.127,0.026,0.154,1.561,0
12.345,0.958,0.142,0.001,0.114,0.022,0.138,1.655,0
12.5,0.962,0.151,0.001,0.108,0.024,0.133,1.651,0
12.075,0.96,0.153,0.001,0.108,0.026,0.136,1.442,0
12.56,0.95,0.14,0.001,0.145,0.027,0.173,1.449,0
12.27,0.958,0.124,0.001,0.121,0.025,0.148,1.463,0
12.53,0.961,0.124,0.001,0.114,0.026,0.141,1.446,0
12.485,0.958,0.124,0.001,0.109,0.028,0.137,1.463,0
11.9,0.955,0.126,0.001,0.128,0.03,0.16,1.442,0
12.21,0.956,0.121,0.001,0.125,0.03,0.156,1.463,0
12.025,0.952,0.104,0.001,0.136,0.033,0.17,1.48,0
11.99,0.955,0.16,0.001,0.122,0.026,0.149,1.48,0
11.775,0.965,0.138,0.001,0.104,0.027,0.133,1.481,0
12.79,0.952,0.153,0.001,0.122,0.028,0.151,1.493,0
12.78,0.955,0.148,0.001,0.122,0.027,0.151,1.48,0
12.3,0.96,0.12,0.001,0.11,0.027,0.138,1.517,0
12.335,0.963,0.121,0.001,0.104,0.027,0.131,1.527,0
12.455,0.96,0.138,0.001,0.109,0.024,0.134,1.519,0
12.72,0.96,0.161,0.001,0.114,0.025,0.14,1.525,0
12.195,0.95,0.119,0.001,0.133,0.031,0.166,1.514,0
12.605,0.95,0.162,0.001,0.131,0.028,0.161,1.526,0
12.865,0.96,0.164,0.001,0.108,0.024,0.133,1.609,0
11.645,0.952,0.144,0.001,0.133,0.029,0.164,1.624,0
11.735,0.95,0.128,0.001,0.139,0.03,0.17,1.658,0
12.11,0.958,0.136,0.001,0.111,0.021,0.133,1.665,0
12.175,0.962,0.171,0.001,0.104,0.021,0.126,1.664,0
11.7,0.955,0.151,0.001,0.122,0.03,0.153,1.484,0
11.98,0.951,0.119,0.001,0.125,0.026,0.153,1.412,0
12.29,0.941,0.147,0.001,0.156,0.028,0.185,1.407,0
12.24,0.953,0.14,0.001,0.129,0.027,0.157,1.407,0
12.3,0.961,0.161,0.001,0.106,0.022,0.129,1.434,0
12.535,0.965,0.156,0.001,0.096,0.023,0.12,1.413,0
12.455,0.959,0.139,0.001,0.11,0.024,0.135,1.415,0
12.665,0.961,0.153,0.001,0.11,0.024,0.135,1.429,0
12.77,0.956,0.163,0.001,0.116,0.027,0.144,1.438,0
13.035,0.954,0.148,0.001,0.12,0.026,0.147,1.436,0
12.085,0.956,0.164,0.001,0.12,0.026,0.148,1.432,0
12.875,0.955,0.172,0.001,0.125,0.028,0.155,1.436,0
13.045,0.956,0.17,0.001,0.118,0.025,0.144,1.435,0
12.895,0.955,0.158,0.001,0.123,0.026,0.15,1.438,0
12.735,0.955,0.161,0.001,0.117,0.028,0.147,1.456,0
12.995,0.958,0.149,0.001,0.118,0.026,0.145,1.467,0
12.245,0.959,0.093,0.001,0.12,0.029,0.151,1.465,0
12.255,0.955,0.126,0.001,0.117,0.026,0.144,1.5,0
12.435,0.958,0.128,0.001,0.11,0.025,0.137,1.501,0
12.045,0.952,0.152,0.001,0.131,0.03,0.163,1.536,0
12,0.96,0.138,0.001,0.11,0.026,0.137,1.54,0
11.735,0.962,0.138,0.001,0.104,0.026,0.131,1.537,0
12.05,0.96,0.167,0.001,0.109,0.028,0.138,1.537,0
12.41,0.961,0.155,0.001,0.105,0.024,0.13,1.505,0
12.13,0.952,0.159,0.001,0.124,0.029,0.154,1.411,0
12.225,0.963,0.119,0.001,0.107,0.027,0.135,1.407,0
12.21,0.959,0.14,0.001,0.112,0.025,0.139,1.407,0
12.505,0.955,0.148,0.001,0.119,0.028,0.148,1.408,0
12.43,0.961,0.134,0.001,0.112,0.026,0.139,1.415,0
12.695,0.954,0.136,0.001,0.123,0.027,0.151,1.405,0
12.475,0.951,0.155,0.001,0.123,0.029,0.153,1.406,0
12.485,0.95,0.148,0.001,0.141,0.027,0.17,1.404,0
12.435,0.961,0.118,0.001,0.105,0.024,0.13,1.4,0
11.935,0.964,0.146,0.001,0.099,0.022,0.122,1.417,0
12.125,0.965,0.122,0.001,0.102,0.023,0.126,1.42,0
12.1,0.961,0.124,0.001,0.11,0.023,0.135,1.419,0
12.52,0.96,0.147,0.001,0.11,0.025,0.136,1.416,0
11.55,0.956,0.155,0.001,0.114,0.024,0.138,1.428,0
12.3,0.955,0.131,0.001,0.123,0.024,0.148,1.431,0
12.11,0.96,0.132,0.001,0.107,0.024,0.132,1.444,0
11.91,0.961,0.164,0.001,0.104,0.026,0.131,1.443,0
12.36,0.959,0.13,0.001,0.113,0.023,0.138,1.463,0
11.98,0.957,0.167,0.001,0.117,0.028,0.146,1.459,0
12.525,0.962,0.139,0.001,0.106,0.024,0.131,1.486,0
11.87,0.955,0.13,0.001,0.117,0.024,0.143,1.519,0
11.655,0.958,0.145,0.001,0.108,0.024,0.133,1.547,0
11.67,0.942,0.153,0.001,0.157,0.031,0.19,1.533,0
12.675,0.957,0.15,0.001,0.116,0.023,0.14,1.436,0
11.855,0.963,0.134,0.001,0.099,0.024,0.124,1.42,0
12.24,0.966,0.142,0.001,0.097,0.023,0.12,1.423,0
11.81,0.966,0.173,0.001,0.095,0.021,0.117,1.419,0
12.215,0.96,0.128,0.001,0.108,0.022,0.131,1.42,0
12.075,0.964,0.129,0.001,0.105,0.023,0.128,1.417,0
12.17,0.951,0.163,0.001,0.136,0.029,0.167,1.425,0
12.845,0.955,0.123,0.001,0.126,0.027,0.154,1.422,0
12.56,0.96,0.171,0.001,0.104,0.024,0.13,1.416,0
12.795,0.96,0.165,0.001,0.107,0.025,0.133,1.436,0
12.645,0.962,0.153,0.001,0.113,0.023,0.137,1.436,0
12.98,0.965,0.178,0.001,0.099,0.021,0.121,1.44,0
12.38,0.965,0.161,0.001,0.099,0.022,0.122,1.437,0
12.505,0.955,0.147,0.001,0.121,0.026,0.148,1.449,0
12.175,0.951,0.17,0.001,0.13,0.027,0.158,1.463,0
12.28,0.941,0.17,0.001,0.17,0.032,0.203,1.466,0
12.15,0.958,0.124,0.001,0.121,0.025,0.147,1.464,0
11.675,0.96,0.138,0.001,0.106,0.024,0.131,1.482,0
12.085,0.956,0.136,0.001,0.119,0.025,0.145,1.506,0
12.735,0.958,0.14,0.001,0.114,0.023,0.138,1.527,0
12.66,0.954,0.149,0.001,0.123,0.027,0.151,1.537,0
12.54,0.96,0.147,0.001,0.106,0.022,0.128,1.539,0
12.25,0.956,0.179,0.001,0.119,0.024,0.143,1.54,0
12.18,0.96,0.172,0.001,0.112,0.023,0.135,1.478,0
12.59,0.957,0.16,0.001,0.116,0.023,0.14,1.404,0
12.17,0.962,0.126,0.001,0.106,0.023,0.13,1.407,0
12.27,0.95,0.158,0.001,0.135,0.024,0.16,1.409,0
12.11,0.959,0.119,0.001,0.114,0.026,0.14,1.414,0
12.14,0.958,0.129,0.001,0.114,0.024,0.139,1.415,0
11.82,0.955,0.135,0.001,0.119,0.026,0.146,1.413,0
12.17,0.964,0.114,0.001,0.102,0.02,0.123,1.408,0
11.85,0.95,0.148,0.001,0.142,0.026,0.169,1.421,0
12.365,0.951,0.114,0.001,0.134,0.025,0.16,1.42,0
12.145,0.963,0.136,0.001,0.106,0.021,0.128,1.431,0
12.205,0.962,0.133,0.001,0.103,0.02,0.123,1.419,0
12.38,0.953,0.141,0.001,0.13,0.019,0.149,1.425,0
12.07,0.96,0.142,0.001,0.108,0.024,0.133,1.425,0
12.205,0.965,0.091,0.001,0.1,0.02,0.121,1.424,0
11.715,0.963,0.178,0.001,0.101,0.024,0.127,1.438,0
12.275,0.966,0.119,0.001,0.095,0.021,0.116,1.425,0
12.695,0.958,0.158,0.001,0.112,0.026,0.139,1.498,0
11.84,0.951,0.161,0.001,0.135,0.025,0.161,1.48,0
12.03,0.967,0.164,0.001,0.093,0.02,0.113,1.509,0
12.23,0.969,0.142,0.001,0.084,0.019,0.104,1.544,0
12.255,0.958,0.136,0.001,0.118,0.027,0.146,1.543,0
12.665,0.956,0.131,0.001,0.117,0.023,0.142,1.535,0
12.075,0.965,0.131,0.001,0.095,0.019,0.115,1.533,0
11.75,0.968,0.137,0.001,0.092,0.022,0.114,1.41,0
11.7,0.958,0.182,0.001,0.11,0.025,0.136,1.42,0
12.175,0.966,0.113,0.001,0.099,0.025,0.124,1.427,0
11.755,0.961,0.134,0.001,0.104,0.023,0.128,1.423,0
11.53,0.96,0.152,0.001,0.106,0.022,0.129,1.419,0
11.67,0.963,0.139,0.001,0.102,0.022,0.125,1.404,0
12.06,0.961,0.171,0.001,0.105,0.024,0.13,1.415,0
11.83,0.964,0.128,0.001,0.096,0.021,0.118,1.421,0
12.05,0.958,0.131,0.001,0.112,0.027,0.14,1.437,0
12.38,0.959,0.151,0.001,0.11,0.026,0.137,1.439,0
12.015,0.957,0.136,0.001,0.116,0.023,0.139,1.439,0
11.985,0.958,0.126,0.001,0.113,0.022,0.136,1.441,0
11.665,0.96,0.151,0.001,0.109,0.02,0.13,1.447,0
12.615,0.958,0.118,0.001,0.116,0.023,0.14,1.447,0
12.1,0.946,0.149,0.001,0.141,0.032,0.175,1.448,0
11.73,0.964,0.164,0.001,0.097,0.022,0.12,1.461,0
11.5,0.961,0.15,0.001,0.103,0.024,0.127,1.476,0
11.4,0.965,0.142,0.001,0.099,0.02,0.119,1.491,0
11.76,0.964,0.148,0.001,0.102,0.022,0.124,1.492,0
12.055,0.96,0.118,0.001,0.104,0.021,0.126,1.489,0
12.005,0.964,0.153,0.001,0.101,0.023,0.125,1.518,0
11.78,0.964,0.143,0.001,0.099,0.023,0.122,1.575,0
11.695,0.962,0.156,0.001,0.101,0.019,0.121,1.677,0
11.85,0.962,0.135,0.001,0.1,0.022,0.123,1.527,0
11.405,0.965,0.149,0.001,0.092,0.022,0.115,1.43,0
12.265,0.97,0.136,0.001,0.088,0.019,0.107,1.42,0
11.58,0.961,0.127,0.001,0.105,0.025,0.131,1.433,0
12.175,0.956,0.161,0.001,0.126,0.022,0.15,1.439,0
11.575,0.963,0.154,0.001,0.096,0.022,0.119,1.422,0
11.46,0.964,0.129,0.001,0.1,0.023,0.123,1.441,0
11.855,0.961,0.115,0.001,0.112,0.021,0.134,1.451,0
11.395,0.963,0.144,0.001,0.101,0.025,0.127,1.445,0
11.435,0.969,0.11,0.001,0.087,0.02,0.108,1.441,0
11.765,0.964,0.129,0.001,0.101,0.021,0.123,1.454,0
11.95,0.965,0.129,0.001,0.104,0.023,0.128,1.503,0
11.86,0.963,0.171,0.001,0.095,0.021,0.117,1.493,0
11.745,0.953,0.177,0.001,0.125,0.022,0.147,1.513,0
12.255,0.963,0.134,0.001,0.096,0.021,0.118,1.499,0
12.62,0.963,0.145,0.001,0.102,0.021,0.124,1.534,0
11.91,0.964,0.134,0.001,0.097,0.023,0.12,1.549,0
12.025,0.971,0.138,0.001,0.082,0.019,0.102,1.585,0
11.81,0.962,0.155,0.001,0.103,0.023,0.127,1.611,0
12.04,0.949,0.108,0.001,0.145,0.026,0.172,1.651,0
11.985,0.963,0.137,0.001,0.101,0.023,0.125,1.704,0
12.18,0.959,0.146,0.001,0.108,0.022,0.131,1.68,0
12.405,0.956,0.171,0.001,0.124,0.023,0.148,1.674,0
11.93,0.961,0.12,0.001,0.106,0.021,0.128,1.625,0
11.875,0.957,0.145,0.001,0.115,0.021,0.136,1.422,0
12.11,0.963,0.133,0.001,0.104,0.021,0.127,1.426,0
11.785,0.966,0.136,0.001,0.094,0.022,0.117,1.422,0
11.46,0.963,0.123,0.001,0.099,0.023,0.122,1.413,0
12.19,0.963,0.143,0.001,0.106,0.022,0.129,1.425,0
12.43,0.968,0.156,0.001,0.094,0.019,0.114,1.425,0
11.775,0.961,0.118,0.001,0.099,0.023,0.122,1.443,0
11.755,0.972,0.139,0.001,0.087,0.019,0.107,1.443,0
11.445,0.969,0.148,0.001,0.09,0.022,0.112,1.434,0
11.825,0.964,0.139,0.001,0.096,0.02,0.117,1.447,0
11.74,0.964,0.17,0.001,0.095,0.02,0.115,1.439,0
11.735,0.968,0.125,0.001,0.091,0.02,0.111,1.454,0
12.08,0.952,0.164,0.001,0.127,0.021,0.149,1.451,0
11.71,0.96,0.129,0.001,0.104,0.022,0.127,1.459,0
11.44,0.967,0.13,0.001,0.1,0.021,0.122,1.458,0
11.575,0.965,0.154,0.001,0.095,0.021,0.117,1.467,0
11.885,0.96,0.157,0.001,0.108,0.022,0.131,1.464,0
11.675,0.96,0.101,0.001,0.104,0.021,0.126,1.467,0
11.95,0.968,0.151,0.001,0.09,0.021,0.112,1.483,0
11.77,0.967,0.124,0.001,0.09,0.018,0.108,1.514,0
11.92,0.964,0.143,0.001,0.093,0.02,0.114,1.533,0
11.63,0.964,0.131,0.001,0.096,0.021,0.117,1.543,0
11.24,0.966,0.171,0.001,0.091,0.019,0.112,1.544,0
11.86,0.967,0.178,0.001,0.091,0.018,0.111,1.442,0
12.12,0.969,0.144,0.001,0.081,0.018,0.1,1.422,0
11.53,0.967,0.145,0.001,0.09,0.02,0.111,1.428,0
11.77,0.965,0.149,0.001,0.094,0.023,0.118,1.41,0
12.105,0.968,0.157,0.001,0.087,0.021,0.109,1.43,0
12.66,0.962,0.154,0.001,0.102,0.02,0.123,1.432,0
11.63,0.962,0.139,0.001,0.106,0.022,0.13,1.436,0
11.6,0.97,0.149,0.001,0.085,0.019,0.105,1.417,0
11.945,0.966,0.147,0.001,0.096,0.021,0.118,1.423,0
11.775,0.968,0.14,0.001,0.092,0.019,0.112,1.443,0
12.2,0.971,0.127,0.001,0.081,0.02,0.102,1.437,0
12.135,0.969,0.15,0.001,0.084,0.018,0.103,1.44,0
11.145,0.962,0.118,0.001,0.097,0.019,0.117,1.438,0
11.345,0.962,0.141,0.001,0.1,0.024,0.124,1.445,0
11.89,0.957,0.123,0.001,0.112,0.024,0.137,1.468,0
11.42,0.966,0.13,0.001,0.087,0.019,0.106,1.468,0
11.435,0.965,0.139,0.001,0.097,0.023,0.12,1.474,0
11.585,0.97,0.125,0.001,0.09,0.019,0.11,1.483,0
10.91,0.965,0.117,0.001,0.096,0.021,0.117,1.5,0
11.025,0.962,0.126,0.001,0.097,0.022,0.12,1.53,0
11.61,0.968,0.151,0.001,0.09,0.017,0.108,1.544,0
11.05,0.962,0.155,0.001,0.097,0.02,0.117,1.54,0
11.415,0.96,0.176,0.001,0.108,0.024,0.133,1.538,0
11.295,0.965,0.123,0.001,0.096,0.02,0.116,1.495,0
11.715,0.97,0.16,0.001,0.083,0.02,0.103,1.416,0
11.44,0.975,0.19,0.001,0.072,0.017,0.09,1.42,0
11.405,0.966,0.142,0.001,0.092,0.018,0.111,1.422,0
11.295,0.97,0.109,0.001,0.081,0.018,0.1,1.416,0
11.45,0.962,0.129,0.001,0.104,0.021,0.126,1.414,0
11.88,0.964,0.121,0.001,0.097,0.021,0.119,1.419,0
11.32,0.968,0.138,0.001,0.089,0.023,0.112,1.419,0
11.01,0.968,0.118,0.001,0.082,0.017,0.099,1.418,0
11.195,0.969,0.132,0.001,0.085,0.019,0.105,1.42,0
12.005,0.968,0.16,0.001,0.086,0.02,0.107,1.421,0
11.145,0.952,0.2,0.001,0.139,0.023,0.163,1.42,0
11.42,0.953,0.143,0.001,0.122,0.021,0.143,1.421,0
11.335,0.969,0.141,0.001,0.082,0.018,0.1,1.439,0
11.43,0.968,0.155,0.001,0.093,0.02,0.114,1.428,0
11.505,0.971,0.145,0.001,0.081,0.017,0.098,1.444,0
11.655,0.967,0.129,0.001,0.09,0.018,0.109,1.45,0
11.545,0.97,0.118,0.001,0.086,0.018,0.105,1.45,0
11.595,0.969,0.134,0.001,0.085,0.02,0.106,1.469,0
12.24,0.964,0.139,0.001,0.101,0.018,0.12,1.484,0
11.13,0.966,0.107,0.001,0.091,0.019,0.111,1.495,0
11.41,0.964,0.148,0.001,0.096,0.019,0.116,1.531,0
11.42,0.969,0.155,0.001,0.088,0.016,0.104,1.558,0
11.915,0.962,0.158,0.001,0.104,0.022,0.126,1.54,0
11.79,0.966,0.114,0.001,0.098,0.018,0.117,1.428,0
11.59,0.952,0.141,0.001,0.141,0.023,0.165,1.412,0
10.995,0.972,0.129,0.001,0.078,0.016,0.095,1.419,0
11.11,0.967,0.129,0.001,0.086,0.018,0.105,1.425,0
11.235,0.969,0.119,0.001,0.084,0.017,0.102,1.422,0
11.615,0.972,0.144,0.001,0.082,0.019,0.101,1.425,0
10.615,0.97,0.137,0.001,0.08,0.017,0.098,1.43,0
11.315,0.971,0.168,0.001,0.078,0.017,0.096,1.425,0
11.07,0.97,0.146,0.001,0.083,0.016,0.099,1.428,0
11.52,0.97,0.166,0.001,0.083,0.016,0.1,1.442,0
12.045,0.957,0.128,0.001,0.124,0.023,0.148,1.433,0
11.685,0.968,0.14,0.001,0.089,0.018,0.107,1.441,0
11.785,0.962,0.175,0.001,0.101,0.019,0.121,1.442,0
11.34,0.963,0.171,0.001,0.1,0.019,0.12,1.455,0
11.055,0.967,0.091,0.001,0.09,0.019,0.109,1.456,0
11.34,0.969,0.126,0.001,0.082,0.018,0.102,1.466,0
12.225,0.973,0.136,0.001,0.084,0.017,0.101,1.48,0
11.33,0.969,0.128,0.001,0.085,0.019,0.105,1.485,0
11.115,0.972,0.139,0.001,0.079,0.019,0.099,1.509,0
11.185,0.968,0.148,0.001,0.092,0.018,0.112,1.533,0
11.28,0.97,0.186,0.001,0.082,0.019,0.102,1.532,0
10.535,0.968,0.146,0.001,0.087,0.018,0.106,1.545,0
10.915,0.97,0.152,0.001,0.079,0.017,0.096,1.535,0
11.16,0.971,0.172,0.001,0.081,0.016,0.097,1.47,0
11.7,0.975,0.148,0.001,0.071,0.015,0.086,1.413,0
11.345,0.974,0.168,0.001,0.073,0.015,0.089,1.416,0
10.69,0.97,0.136,0.001,0.079,0.018,0.097,1.415,0
11.01,0.968,0.133,0.001,0.09,0.02,0.111,1.471,0
11.455,0.95,0.127,0.001,0.122,0.019,0.143,1.423,0
10.775,0.969,0.171,0.001,0.085,0.017,0.103,1.445,0
11.235,0.97,0.136,0.001,0.08,0.019,0.099,1.447,0
10.815,0.968,0.129,0.001,0.083,0.018,0.102,1.464,0
11.025,0.966,0.145,0.001,0.092,0.022,0.114,1.46,0
11.385,0.965,0.158,0.001,0.094,0.02,0.115,1.471,0
11.15,0.963,0.155,0.001,0.095,0.021,0.117,1.487,0
11.575,0.969,0.129,0.001,0.089,0.02,0.109,1.47,0
11.405,0.973,0.133,0.001,0.082,0.016,0.099,1.484,0
11.425,0.966,0.124,0.001,0.089,0.018,0.108,1.479,0
11.745,0.967,0.146,0.001,0.092,0.016,0.109,1.495,0
11.34,0.966,0.155,0.001,0.094,0.018,0.113,1.542,0
11.37,0.97,0.164,0.001,0.084,0.018,0.103,1.569,0
10.805,0.964,0.135,0.001,0.1,0.022,0.122,1.602,0
11.285,0.973,0.157,0.001,0.072,0.016,0.089,1.659,0
10.955,0.969,0.143,0.001,0.082,0.017,0.1,1.666,0
11.355,0.969,0.186,0.001,0.09,0.018,0.109,1.673,0
11.615,0.968,0.164,0.001,0.094,0.017,0.111,1.675,0
10.985,0.973,0.137,0.001,0.073,0.019,0.093,1.644,0
11.06,0.977,0.108,0.001,0.062,0.014,0.077,1.434,0
11.405,0.969,0.138,0.001,0.088,0.016,0.105,1.435,0
11.555,0.968,0.132,0.001,0.082,0.017,0.1,1.44,0
10.74,0.965,0.178,0.001,0.087,0.017,0.105,1.428,0
10.36,0.966,0.12,0.001,0.087,0.015,0.103,1.418,0
10.96,0.969,0.165,0.001,0.086,0.018,0.104,1.431,0
11,0.972,0.176,0.001,0.079,0.016,0.095,1.445,0
10.86,0.974,0.125,0.001,0.077,0.017,0.094,1.458,0
11.235,0.972,0.173,0.001,0.078,0.015,0.093,1.461,0
11.305,0.963,0.163,0.001,0.105,0.017,0.123,1.46,0
11.59,0.969,0.114,0.001,0.086,0.015,0.102,1.467,0
10.935,0.97,0.136,0.001,0.085,0.017,0.103,1.448,0
11.215,0.967,0.196,0.001,0.091,0.018,0.11,1.457,0
11.395,0.968,0.109,0.001,0.093,0.018,0.112,1.448,0
11.055,0.967,0.128,0.001,0.09,0.018,0.109,1.477,0
11.735,0.962,0.133,0.001,0.102,0.018,0.121,1.474,0
11.195,0.97,0.15,0.001,0.084,0.016,0.101,1.494,0
11.31,0.968,0.122,0.001,0.087,0.016,0.104,1.498,0
11.21,0.97,0.119,0.001,0.081,0.017,0.099,1.496,0
11.02,0.969,0.122,0.001,0.082,0.015,0.097,1.516,0
11.195,0.956,0.149,0.001,0.12,0.023,0.144,1.542,0
11.54,0.967,0.131,0.001,0.089,0.019,0.109,1.551,0
10.72,0.971,0.117,0.001,0.082,0.015,0.098,1.548,0
11.07,0.969,0.122,0.001,0.08,0.015,0.096,1.449,0
11.055,0.969,0.146,0.001,0.083,0.018,0.102,1.389,0
11.945,0.974,0.112,0.001,0.072,0.014,0.087,1.395,0
11.315,0.972,0.109,0.001,0.078,0.016,0.094,1.422,0
11.045,0.969,0.102,0.001,0.082,0.016,0.098,1.407,0
10.75,0.972,0.132,0.001,0.078,0.019,0.098,1.411,0
10.605,0.968,0.181,0.001,0.084,0.018,0.103,1.445,0
10.56,0.969,0.178,0.001,0.086,0.016,0.103,1.455,0
10.875,0.972,0.155,0.001,0.075,0.015,0.09,1.435,0
10.655,0.971,0.149,0.001,0.081,0.015,0.096,1.458,0
11.01,0.966,0.138,0.001,0.086,0.017,0.104,1.453,0
10.685,0.969,0.103,0.001,0.086,0.016,0.102,1.465,0
10.765,0.976,0.208,0.001,0.067,0.014,0.082,1.469,0
10.83,0.969,0.096,0.001,0.084,0.018,0.102,1.481,0
10.695,0.966,0.114,0.001,0.091,0.018,0.11,1.494,0
11.375,0.971,0.114,0.001,0.096,0.017,0.114,1.498,0
10.595,0.969,0.153,0.001,0.086,0.014,0.101,1.515,0
11.22,0.973,0.143,0.001,0.069,0.014,0.084,1.53,0
10.095,0.968,0.131,0.001,0.082,0.016,0.099,1.53,0
10.725,0.967,0.141,0.001,0.091,0.019,0.11,1.54,0
10.805,0.975,0.151,0.001,0.071,0.019,0.091,1.549,0
10.685,0.97,0.15,0.001,0.08,0.015,0.096,1.548,0
10.375,0.974,0.155,0.001,0.074,0.015,0.089,1.536,0
10.715,0.968,0.121,0.001,0.092,0.019,0.111,1.495,0
11.24,0.973,0.189,0.001,0.081,0.017,0.098,1.409,0
10.925,0.966,0.152,0.001,0.091,0.018,0.11,1.436,0
11.045,0.97,0.152,0.001,0.083,0.018,0.102,1.428,0
10.875,0.974,0.137,0.001,0.073,0.015,0.089,1.43,0
10.73,0.972,0.149,0.001,0.075,0.014,0.09,1.437,0
10.78,0.971,0.148,0.001,0.077,0.015,0.093,1.439,0
10.81,0.973,0.163,0.001,0.077,0.015,0.093,1.445,0
11.415,0.971,0.151,0.001,0.081,0.015,0.096,1.425,0
10.775,0.973,0.12,0.001,0.073,0.016,0.089,1.439,0
10.93,0.975,0.128,0.001,0.066,0.015,0.081,1.425,0
11.54,0.972,0.124,0.001,0.079,0.016,0.095,1.429,0
10.99,0.972,0.15,0.001,0.076,0.016,0.092,1.429,0
10.73,0.968,0.153,0.001,0.088,0.019,0.108,1.439,0
10.79,0.965,0.148,0.001,0.097,0.017,0.115,1.448,0
11.17,0.971,0.104,0.001,0.08,0.018,0.099,1.449,0
10.58,0.968,0.135,0.001,0.082,0.016,0.099,1.444,0
11.34,0.966,0.124,0.001,0.093,0.017,0.111,1.458,0
11.035,0.972,0.147,0.001,0.077,0.015,0.093,1.447,0
10.835,0.974,0.145,0.001,0.069,0.014,0.083,1.464,0
10.145,0.972,0.102,0.001,0.076,0.017,0.094,1.498,0
11.405,0.977,0.085,0.001,0.066,0.015,0.081,1.531,0
10.77,0.967,0.168,0.001,0.094,0.019,0.114,1.535,0
11.6,0.971,0.157,0.001,0.075,0.015,0.09,1.55,0
11.265,0.971,0.12,0.001,0.076,0.016,0.093,1.428,0
11.08,0.974,0.124,0.001,0.073,0.014,0.088,1.41,0
10.895,0.972,0.112,0.001,0.073,0.015,0.088,1.418,0
11.655,0.972,0.102,0.001,0.075,0.016,0.092,1.434,0
11.86,0.974,0.121,0.001,0.073,0.014,0.089,1.423,0
10.88,0.976,0.148,0.001,0.068,0.015,0.083,1.415,0
10.88,0.963,0.178,0.001,0.102,0.017,0.12,1.415,0
11.32,0.968,0.155,0.001,0.089,0.019,0.109,1.421,0
11.695,0.971,0.156,0.001,0.075,0.016,0.091,1.421,0
10.915,0.972,0.137,0.001,0.073,0.014,0.088,1.414,0
10.8,0.971,0.139,0.001,0.073,0.015,0.088,1.424,0
10.815,0.967,0.156,0.001,0.088,0.017,0.106,1.428,0
11.145,0.969,0.155,0.001,0.089,0.016,0.106,1.438,0
10.89,0.972,0.129,0.001,0.079,0.016,0.095,1.441,0
11.135,0.977,0.115,0.001,0.074,0.017,0.092,1.451,0
11.175,0.97,0.14,0.001,0.084,0.016,0.1,1.462,0
11.07,0.965,0.13,0.001,0.099,0.02,0.12,1.475,0
11.01,0.967,0.137,0.001,0.082,0.016,0.099,1.474,0
11.055,0.976,0.167,0.001,0.067,0.015,0.082,1.499,0
10.315,0.975,0.165,0.001,0.066,0.016,0.083,1.517,0
10.895,0.971,0.173,0.001,0.086,0.017,0.103,1.535,0
11.225,0.97,0.116,0.001,0.079,0.016,0.095,1.531,0
10.86,0.968,0.171,0.001,0.079,0.016,0.096,1.538,0
10.835,0.971,0.136,0.001,0.075,0.015,0.091,1.487,0
11.14,0.972,0.136,0.001,0.078,0.014,0.092,1.416,0
10.715,0.972,0.143,0.001,0.074,0.015,0.09,1.418,0
10.865,0.968,0.14,0.001,0.08,0.014,0.095,1.414,0
11.32,0.971,0.155,0.001,0.078,0.014,0.093,1.409,0
10.775,0.967,0.149,0.001,0.091,0.019,0.111,1.4,0
11.015,0.97,0.18,0.001,0.078,0.018,0.097,1.408,0
11.42,0.968,0.144,0.001,0.087,0.015,0.102,1.406,0
10.8,0.974,0.161,0.001,0.069,0.015,0.085,1.4,0
10.795,0.975,0.147,0.001,0.067,0.014,0.082,1.419,0
10.615,0.977,0.141,0.001,0.061,0.013,0.074,1.402,0
11.37,0.97,0.159,0.001,0.084,0.016,0.101,1.417,0
10.445,0.978,0.129,0.001,0.059,0.014,0.073,1.417,0
10.935,0.97,0.119,0.001,0.082,0.015,0.098,1.425,0
10.835,0.975,0.15,0.001,0.066,0.014,0.081,1.429,0
10.955,0.971,0.151,0.001,0.078,0.016,0.094,1.436,0
10.885,0.966,0.133,0.001,0.089,0.015,0.105,1.44,0
10.785,0.97,0.144,0.001,0.08,0.016,0.096,1.441,0
10.705,0.971,0.127,0.001,0.087,0.016,0.103,1.467,0
10.735,0.973,0.176,0.001,0.074,0.015,0.09,1.476,0
10.995,0.972,0.151,0.001,0.076,0.015,0.091,1.5,0
11.49,0.969,0.142,0.001,0.084,0.017,0.102,1.552,0
11.165,0.976,0.157,0.001,0.066,0.012,0.079,1.554,0
11.155,0.978,0.176,0.001,0.063,0.013,0.076,1.544,0
11.11,0.974,0.156,0,0.066,0.015,0.081,1.412,0
10.63,0.973,0.134,0.001,0.07,0.016,0.087,1.409,0
10.84,0.978,0.161,0.001,0.066,0.014,0.081,1.412,0
10.4,0.972,0.109,0.001,0.078,0.015,0.093,1.397,0
11.44,0.962,0.138,0.001,0.104,0.019,0.124,1.411,0
11.53,0.97,0.151,0.001,0.083,0.015,0.098,1.408,0
10.64,0.976,0.155,0.001,0.066,0.015,0.082,1.417,0
10.955,0.971,0.164,0.001,0.073,0.013,0.087,1.419,0
10.76,0.969,0.112,0.001,0.084,0.014,0.099,1.43,0
10.48,0.969,0.153,0.001,0.082,0.015,0.097,1.423,0
10.485,0.973,0.131,0.001,0.076,0.014,0.091,1.429,0
10.5,0.974,0.154,0.001,0.065,0.014,0.08,1.435,0
10.46,0.973,0.13,0.001,0.075,0.015,0.091,1.449,0
10.14,0.977,0.16,0.001,0.066,0.013,0.079,1.444,0
10.585,0.979,0.157,0.001,0.058,0.013,0.071,1.47,0
10.605,0.975,0.188,0.001,0.075,0.014,0.09,1.469,0
10.56,0.975,0.147,0.001,0.068,0.014,0.083,1.465,0
10.68,0.977,0.106,0.001,0.059,0.012,0.072,1.498,0
10.645,0.975,0.154,0.001,0.071,0.013,0.085,1.49,0
10.385,0.978,0.156,0.001,0.059,0.014,0.073,1.524,0
10.445,0.969,0.16,0.001,0.086,0.015,0.102,1.54,0
10.885,0.976,0.147,0.001,0.068,0.013,0.082,1.534,0
11.46,0.978,0.131,0,0.064,0.013,0.077,1.533,0
10.77,0.968,0.169,0.001,0.088,0.015,0.104,1.451,0
10.195,0.973,0.14,0.001,0.074,0.015,0.09,1.392,0
11.13,0.968,0.118,0.001,0.083,0.014,0.098,1.397,0
11.14,0.964,0.141,0.001,0.112,0.017,0.13,1.402,0
11.14,0.971,0.117,0.001,0.08,0.015,0.096,1.403,0
11.06,0.975,0.12,0.001,0.065,0.013,0.078,1.405,0
10.74,0.976,0.101,0,0.062,0.013,0.076,1.417,0
10.975,0.969,0.173,0.001,0.084,0.014,0.099,1.431,0
11.18,0.973,0.152,0.001,0.077,0.014,0.091,1.416,0
10.89,0.973,0.164,0.001,0.074,0.013,0.088,1.413,0
10.875,0.973,0.141,0.001,0.076,0.013,0.089,1.418,0
10.43,0.977,0.117,0.001,0.066,0.013,0.08,1.407,0
10.285,0.973,0.128,0.001,0.069,0.013,0.083,1.417,0
10.59,0.979,0.106,0.001,0.063,0.013,0.077,1.422,0
10.545,0.968,0.165,0.001,0.086,0.015,0.102,1.43,0
10.72,0.972,0.175,0.001,0.076,0.014,0.091,1.428,0
10.79,0.975,0.184,0.001,0.066,0.013,0.08,1.468,0
11.1,0.967,0.149,0.001,0.088,0.014,0.102,1.476,0
10.48,0.972,0.126,0.001,0.078,0.015,0.094,1.478,0
10.305,0.972,0.126,0.001,0.073,0.014,0.088,1.51,0
10.56,0.974,0.142,0.001,0.067,0.012,0.08,1.525,0
10.88,0.976,0.178,0.001,0.074,0.014,0.089,1.526,0
10.935,0.971,0.141,0.001,0.075,0.014,0.09,1.531,0
11.08,0.975,0.101,0.001,0.068,0.013,0.082,1.511,0
11.015,0.972,0.147,0.001,0.071,0.012,0.083,1.406,0
11.03,0.97,0.119,0,0.08,0.012,0.093,1.407,0
10.79,0.976,0.137,0.001,0.065,0.013,0.078,1.419,0
10.505,0.976,0.119,0.001,0.068,0.013,0.081,1.401,0
10.01,0.974,0.153,0.001,0.071,0.014,0.086,1.414,0
10.345,0.971,0.169,0.001,0.074,0.013,0.087,1.422,0
10.95,0.965,0.119,0.001,0.098,0.016,0.116,1.412,0
11.195,0.969,0.136,0.001,0.093,0.015,0.109,1.42,0
10.965,0.97,0.142,0.001,0.079,0.015,0.094,1.429,0
10.855,0.979,0.124,0,0.06,0.013,0.074,1.431,0
11.15,0.972,0.155,0,0.077,0.013,0.091,1.423,0
10.65,0.966,0.144,0.001,0.106,0.015,0.121,1.436,0
10.825,0.975,0.147,0,0.072,0.013,0.085,1.438,0
10.51,0.973,0.101,0.001,0.071,0.015,0.087,1.444,0
10.925,0.973,0.117,0.001,0.071,0.015,0.086,1.458,0
11.03,0.973,0.176,0.001,0.076,0.015,0.092,1.459,0
11.005,0.971,0.182,0.001,0.076,0.014,0.091,1.472,0
10.1,0.967,0.147,0.001,0.087,0.016,0.104,1.473,0
11.01,0.974,0.129,0,0.066,0.013,0.08,1.489,0
10.9,0.975,0.156,0,0.069,0.013,0.082,1.491,0
10.92,0.977,0.139,0,0.062,0.011,0.074,1.516,0
10.78,0.979,0.131,0,0.061,0.012,0.074,1.526,0
10.835,0.964,0.147,0.001,0.109,0.016,0.125,1.53,0
10.95,0.977,0.116,0.001,0.064,0.012,0.077,1.451,0
10.86,0.974,0.156,0,0.066,0.012,0.078,1.405,0
10.645,0.975,0.131,0,0.066,0.013,0.079,1.394,0
11.155,0.976,0.144,0,0.068,0.012,0.08,1.405,0
10.705,0.979,0.199,0.001,0.062,0.013,0.075,1.413,0
10.525,0.973,0.146,0,0.069,0.014,0.083,1.416,0
10.525,0.975,0.166,0,0.064,0.012,0.076,1.406,0
10.29,0.973,0.155,0.001,0.074,0.014,0.089,1.393,0
10.31,0.977,0.174,0,0.059,0.012,0.072,1.395,0
10.155,0.973,0.146,0.001,0.071,0.013,0.085,1.391,0
10.665,0.974,0.151,0,0.067,0.013,0.08,1.417,0
10.325,0.974,0.129,0.001,0.071,0.013,0.085,1.44,0
10.675,0.977,0.141,0.001,0.059,0.013,0.073,1.433,0
10.535,0.977,0.135,0,0.066,0.013,0.08,1.433,0
10.475,0.974,0.162,0.001,0.069,0.013,0.083,1.443,0
10.755,0.968,0.146,0.001,0.093,0.016,0.109,1.448,0
10.565,0.977,0.171,0.001,0.061,0.014,0.075,1.455,0
10.64,0.979,0.142,0.001,0.061,0.013,0.074,1.453,0
10.255,0.971,0.103,0,0.073,0.013,0.086,1.475,0
10.12,0.976,0.127,0,0.067,0.014,0.081,1.514,0
10.21,0.977,0.16,0.001,0.062,0.012,0.075,1.533,0
10.765,0.979,0.147,0,0.058,0.012,0.071,1.555,0
10.845,0.975,0.121,0.001,0.065,0.013,0.079,1.561,0
9.98,0.976,0.146,0.001,0.062,0.014,0.076,1.495,0
10.58,0.977,0.168,0,0.063,0.012,0.076,1.408,0
10.5,0.977,0.113,0,0.063,0.011,0.074,1.408,0
10.605,0.977,0.145,0,0.058,0.013,0.071,1.42,0
10.335,0.976,0.148,0,0.065,0.012,0.078,1.426,0
10.485,0.977,0.19,0,0.061,0.012,0.074,1.43,0
10.485,0.973,0.17,0,0.071,0.013,0.085,1.408,0
10.66,0.972,0.163,0.001,0.074,0.014,0.089,1.407,0
10.97,0.979,0.149,0.001,0.06,0.013,0.074,1.433,0
10.685,0.977,0.117,0,0.062,0.013,0.075,1.44,0
10.915,0.976,0.146,0,0.067,0.011,0.079,1.435,0
10.395,0.974,0.14,0,0.078,0.014,0.092,1.43,0
10.7,0.978,0.161,0.001,0.067,0.013,0.08,1.437,0
10.29,0.976,0.113,0.001,0.068,0.013,0.081,1.448,0
10.02,0.974,0.141,0,0.067,0.013,0.08,1.462,0
10.715,0.979,0.133,0.001,0.06,0.013,0.074,1.449,0
9.84,0.978,0.108,0,0.06,0.012,0.072,1.46,0
10.89,0.968,0.11,0.001,0.087,0.014,0.101,1.446,0
10.58,0.976,0.135,0.001,0.071,0.014,0.085,1.457,0
11.215,0.967,0.132,0.001,0.088,0.015,0.103,1.491,0
10.245,0.976,0.169,0.001,0.069,0.012,0.082,1.501,0
10.61,0.977,0.194,0,0.06,0.012,0.072,1.536,0
10.69,0.975,0.098,0,0.065,0.012,0.078,1.583,0
10.265,0.975,0.175,0.001,0.075,0.014,0.089,1.548,0
10.865,0.969,0.165,0.001,0.094,0.015,0.109,1.409,0
10.4,0.974,0.153,0.001,0.065,0.013,0.079,1.401,0
10.965,0.973,0.14,0.001,0.073,0.012,0.086,1.418,0
10.22,0.975,0.182,0,0.067,0.012,0.079,1.411,0
9.89,0.978,0.131,0,0.059,0.012,0.071,1.402,0
10.33,0.974,0.177,0,0.068,0.013,0.081,1.437,0
10.22,0.975,0.172,0,0.066,0.013,0.079,1.432,0
10.66,0.979,0.146,0,0.059,0.013,0.072,1.413,0
10.62,0.975,0.164,0,0.067,0.012,0.08,1.416,0
10.41,0.976,0.145,0,0.061,0.012,0.073,1.414,0
10.32,0.974,0.135,0,0.068,0.013,0.082,1.426,0
10.115,0.965,0.139,0.001,0.089,0.015,0.105,1.426,0
10.08,0.974,0.119,0,0.07,0.012,0.083,1.435,0
10.745,0.979,0.173,0,0.057,0.012,0.07,1.436,0
10.445,0.975,0.13,0,0.071,0.011,0.082,1.448,0
10.275,0.979,0.139,0,0.057,0.011,0.068,1.462,0
10.54,0.972,0.144,0.001,0.072,0.013,0.086,1.479,0
10.545,0.978,0.13,0.001,0.058,0.012,0.07,1.487,0
10.91,0.977,0.167,0,0.058,0.013,0.072,1.496,0
10.47,0.975,0.127,0,0.065,0.012,0.077,1.527,0
10.575,0.977,0.139,0,0.065,0.013,0.079,1.532,0
10.465,0.974,0.158,0,0.067,0.013,0.081,1.55,0
10.66,0.975,0.142,0,0.065,0.014,0.079,1.541,0
10.84,0.972,0.139,0,0.072,0.012,0.084,1.473,0
10.585,0.98,0.152,0,0.06,0.012,0.072,1.412,0
10.535,0.975,0.121,0,0.067,0.012,0.079,1.405,0
9.835,0.98,0.156,0,0.059,0.012,0.071,1.419,0
10.4,0.975,0.095,0,0.067,0.012,0.079,1.429,0
10.79,0.968,0.138,0.001,0.105,0.014,0.12,1.426,0
10.87,0.972,0.142,0,0.08,0.012,0.093,1.415,0
10.675,0.979,0.188,0,0.057,0.011,0.068,1.415,0
9.915,0.976,0.152,0,0.062,0.012,0.075,1.417,0
9.85,0.976,0.127,0,0.062,0.011,0.074,1.418,0
10.515,0.975,0.157,0.001,0.078,0.014,0.092,1.408,0
10.335,0.977,0.137,0,0.064,0.011,0.076,1.413,0
10.385,0.976,0.152,0.001,0.067,0.013,0.081,1.418,0
10.48,0.977,0.147,0.001,0.061,0.013,0.075,1.426,0
10.125,0.978,0.155,0,0.064,0.011,0.075,1.417,0
10.6,0.977,0.175,0,0.065,0.013,0.078,1.428,0
10.51,0.975,0.141,0,0.07,0.013,0.083,1.437,0
10.38,0.974,0.148,0,0.075,0.011,0.087,1.439,0
10.13,0.976,0.106,0,0.067,0.013,0.08,1.457,0
9.46,0.972,0.165,0.001,0.077,0.014,0.091,1.475,0
10.305,0.973,0.157,0.001,0.072,0.015,0.087,1.495,0
10.125,0.976,0.121,0.001,0.063,0.012,0.075,1.524,0
10.54,0.975,0.161,0,0.067,0.012,0.08,1.531,0
10.705,0.975,0.169,0,0.065,0.011,0.076,1.542,0
10.47,0.976,0.112,0,0.06,0.012,0.073,1.417,0
10.36,0.977,0.174,0,0.063,0.011,0.075,1.406,0
10.48,0.981,0.113,0,0.052,0.01,0.063,1.402,0
10.435,0.978,0.141,0.001,0.065,0.013,0.078,1.412,0
10.915,0.978,0.159,0,0.059,0.013,0.073,1.405,0
10.705,0.978,0.143,0,0.061,0.011,0.073,1.413,0
10.755,0.977,0.093,0,0.061,0.011,0.073,1.407,0
10.575,0.978,0.136,0,0.058,0.012,0.071,1.418,0
10.39,0.976,0.122,0,0.065,0.013,0.079,1.424,0
11,0.979,0.159,0,0.059,0.011,0.071,1.424,0
10.735,0.971,0.163,0,0.078,0.013,0.091,1.436,0
10.215,0.972,0.16,0.001,0.07,0.013,0.084,1.433,0
10.445,0.98,0.163,0,0.053,0.012,0.065,1.43,0
10.37,0.978,0.184,0,0.059,0.011,0.071,1.436,0
10.225,0.978,0.146,0,0.061,0.011,0.073,1.448,0
9.975,0.979,0.139,0,0.058,0.012,0.071,1.462,0
10.145,0.972,0.113,0.001,0.074,0.015,0.09,1.476,0
10.25,0.976,0.144,0,0.066,0.013,0.08,1.49,0
9.58,0.974,0.164,0,0.067,0.012,0.079,1.501,0
10.12,0.976,0.154,0,0.073,0.013,0.086,1.525,0
10.565,0.98,0.124,0,0.058,0.011,0.069,1.546,0
9.535,0.976,0.143,0.001,0.066,0.012,0.078,1.543,0
9.855,0.977,0.163,0.001,0.059,0.012,0.071,1.53,0
10.665,0.98,0.121,0,0.056,0.012,0.068,1.443,0
10.425,0.976,0.123,0,0.06,0.012,0.073,1.41,0
10.865,0.979,0.16,0,0.06,0.011,0.071,1.41,0
10.155,0.973,0.1,0,0.07,0.012,0.082,1.404,0
10.42,0.978,0.158,0,0.06,0.012,0.073,1.398,0
10.195,0.975,0.155,0,0.065,0.011,0.076,1.399,0
10.51,0.976,0.142,0,0.06,0.01,0.071,1.396,0
10.655,0.981,0.144,0,0.051,0.01,0.062,1.415,0
10.23,0.973,0.179,0,0.072,0.012,0.085,1.427,0
10.24,0.978,0.153,0,0.057,0.011,0.068,1.424,0
10.575,0.979,0.143,0,0.06,0.012,0.073,1.412,0
10.26,0.978,0.151,0,0.061,0.012,0.073,1.405,0
10.535,0.979,0.156,0,0.064,0.012,0.076,1.419,0
10.39,0.972,0.167,0,0.074,0.011,0.085,1.421,0
10.285,0.974,0.139,0,0.069,0.012,0.081,1.427,0
10.35,0.973,0.151,0,0.072,0.012,0.085,1.428,0
10.445,0.979,0.13,0,0.057,0.011,0.068,1.442,0
10.195,0.975,0.117,0,0.063,0.011,0.075,1.444,0
10.425,0.975,0.165,0,0.063,0.012,0.075,1.53,0
10.39,0.976,0.127,0,0.062,0.012,0.075,1.538,0
10.36,0.974,0.123,0,0.069,0.012,0.082,1.536,0
10.94,0.972,0.123,0,0.082,0.012,0.094,1.53,0
11.115,0.968,0.124,0,0.09,0.014,0.105,1.534,0
10.61,0.971,0.151,0,0.078,0.011,0.09,1.508,0
10.635,0.977,0.135,0,0.06,0.01,0.07,1.421,0
9.98,0.979,0.119,0,0.056,0.009,0.066,1.412,0
10.435,0.979,0.117,0,0.057,0.01,0.068,1.419,0
10.695,0.981,0.154,0,0.05,0.009,0.06,1.413,0
10.26,0.979,0.101,0,0.057,0.01,0.067,1.424,0
9.71,0.978,0.125,0,0.061,0.011,0.072,1.419,0
10.275,0.979,0.144,0,0.057,0.01,0.067,1.417,0
9.65,0.975,0.12,0,0.063,0.011,0.075,1.428,0
10.135,0.979,0.153,0,0.056,0.011,0.068,1.438,0
9.905,0.975,0.116,0,0.061,0.011,0.073,1.449,0
10.42,0.975,0.134,0,0.066,0.012,0.078,1.442,0
10.37,0.977,0.15,0,0.067,0.012,0.079,1.432,0
10.775,0.972,0.129,0,0.064,0.012,0.076,1.441,0
10.855,0.979,0.106,0,0.061,0.011,0.073,1.45,0
10.39,0.981,0.15,0,0.052,0.011,0.063,1.465,0
10.915,0.975,0.157,0,0.068,0.012,0.081,1.489,0
10.635,0.974,0.163,0,0.071,0.013,0.084,1.503,0
10.315,0.973,0.138,0,0.068,0.012,0.081,1.493,0
10.725,0.975,0.139,0.001,0.069,0.012,0.082,1.493,0
10.225,0.977,0.204,0,0.06,0.013,0.073,1.503,0
10.42,0.979,0.112,0.001,0.057,0.011,0.069,1.544,0
10.29,0.977,0.174,0,0.061,0.011,0.072,1.549,0
10.595,0.98,0.176,0,0.057,0.01,0.068,1.559,0
10.765,0.98,0.168,0,0.055,0.011,0.066,1.428,0
10.67,0.981,0.134,0,0.05,0.011,0.061,1.397,0
10.455,0.972,0.143,0,0.07,0.012,0.083,1.406,0
10.375,0.975,0.128,0,0.066,0.011,0.077,1.398,0
10.58,0.98,0.132,0,0.056,0.011,0.068,1.405,0
10.3,0.975,0.15,0,0.065,0.011,0.077,1.401,0
10.235,0.979,0.149,0,0.059,0.011,0.07,1.412,0
10.47,0.976,0.175,0,0.062,0.01,0.072,1.417,0
9.925,0.978,0.127,0,0.058,0.011,0.07,1.426,0
10.075,0.981,0.142,0,0.05,0.01,0.061,1.426,0
10.3,0.979,0.157,0,0.059,0.011,0.07,1.431,0
9.79,0.977,0.123,0,0.061,0.012,0.073,1.424,0
9.74,0.979,0.134,0,0.051,0.009,0.06,1.446,0
9.875,0.978,0.149,0,0.055,0.01,0.066,1.439,0
10.345,0.972,0.123,0,0.083,0.011,0.094,1.451,0
10.08,0.976,0.133,0,0.062,0.012,0.075,1.457,0
10.135,0.981,0.182,0,0.056,0.012,0.068,1.465,0
9.52,0.975,0.091,0,0.063,0.011,0.074,1.474,0
9.865,0.982,0.16,0,0.046,0.01,0.057,1.493,0
10.26,0.98,0.128,0,0.053,0.011,0.064,1.534,0
10.205,0.978,0.145,0,0.057,0.01,0.067,1.544,0
9.765,0.979,0.123,0,0.057,0.011,0.068,1.532,0
10.215,0.981,0.164,0,0.052,0.011,0.063,1.548,0
10.16,0.969,0.163,0,0.085,0.012,0.098,1.529,0
10.315,0.979,0.099,0,0.057,0.01,0.068,1.436,0
9.925,0.979,0.163,0,0.058,0.01,0.068,1.43,0
9.83,0.981,0.133,0,0.055,0.01,0.065,1.441,0
10.025,0.975,0.113,0,0.064,0.012,0.077,1.422,0
10.03,0.976,0.142,0,0.065,0.011,0.077,1.435,0
10.165,0.975,0.15,0,0.063,0.01,0.074,1.433,0
10.515,0.978,0.109,0,0.056,0.01,0.067,1.436,0
10.295,0.98,0.112,0,0.056,0.011,0.067,1.425,0
10.29,0.979,0.126,0,0.056,0.011,0.067,1.434,0
9.85,0.979,0.143,0,0.057,0.011,0.068,1.441,0
9.585,0.977,0.134,0,0.058,0.01,0.068,1.442,0
10.165,0.98,0.13,0,0.058,0.01,0.068,1.453,0
10.14,0.973,0.165,0,0.069,0.011,0.081,1.449,0
10.17,0.98,0.14,0,0.051,0.011,0.062,1.467,0
10.525,0.978,0.14,0,0.062,0.01,0.073,1.467,0
10.255,0.98,0.145,0,0.054,0.01,0.064,1.464,0
10.12,0.98,0.13,0,0.056,0.011,0.068,1.462,0
10.135,0.979,0.131,0,0.058,0.011,0.07,1.48,0
9.965,0.978,0.095,0,0.062,0.011,0.073,1.489,0
10.13,0.979,0.15,0,0.053,0.01,0.063,1.531,0
10.445,0.974,0.157,0,0.075,0.012,0.087,1.543,0
10.01,0.982,0.208,0,0.05,0.012,0.062,1.544,0
10.525,0.975,0.174,0,0.067,0.011,0.078,1.542,0
10.505,0.979,0.145,0,0.053,0.01,0.063,1.407,0
9.92,0.98,0.13,0,0.055,0.01,0.066,1.404,0
10.315,0.979,0.124,0,0.056,0.01,0.067,1.399,0
10.215,0.979,0.135,0,0.06,0.012,0.072,1.406,0
9.905,0.982,0.143,0,0.05,0.011,0.061,1.406,0
10.28,0.982,0.138,0,0.047,0.01,0.058,1.415,0
10.56,0.977,0.147,0,0.06,0.01,0.07,1.432,0
9.825,0.981,0.124,0,0.054,0.009,0.063,1.419,0
9.895,0.981,0.15,0,0.051,0.009,0.061,1.411,0
9.98,0.982,0.127,0,0.048,0.009,0.058,1.419,0
10.245,0.979,0.098,0,0.053,0.009,0.063,1.426,0
10.3,0.979,0.094,0,0.055,0.011,0.067,1.439,0
10.63,0.98,0.168,0,0.055,0.01,0.066,1.439,0
11.085,0.974,0.109,0,0.066,0.01,0.076,1.445,0
10.06,0.981,0.168,0,0.055,0.011,0.066,1.449,0
10.79,0.975,0.169,0,0.073,0.012,0.086,1.464,0
10.695,0.977,0.144,0,0.061,0.011,0.073,1.483,0
10.135,0.979,0.163,0,0.058,0.009,0.068,1.489,0
10.68,0.978,0.142,0,0.054,0.011,0.065,1.501,0
10.34,0.977,0.14,0,0.063,0.011,0.075,1.534,0
10.375,0.972,0.164,0,0.076,0.011,0.087,1.541,0
10.195,0.973,0.122,0,0.075,0.011,0.086,1.553,0
10.49,0.969,0.157,0.001,0.085,0.013,0.099,1.548,0
10.76,0.976,0.145,0,0.061,0.011,0.072,1.485,0
10.53,0.981,0.135,0,0.053,0.01,0.064,1.431,0
10.555,0.979,0.123,0,0.057,0.01,0.067,1.416,0
10.435,0.978,0.148,0,0.06,0.009,0.069,1.415,0
10.22,0.981,0.139,0,0.051,0.01,0.062,1.422,0
10.225,0.978,0.154,0,0.055,0.01,0.066,1.414,0
10.045,0.982,0.112,0,0.051,0.01,0.061,1.418,0
10.2,0.977,0.107,0,0.057,0.011,0.068,1.424,0
10.08,0.978,0.146,0,0.06,0.012,0.072,1.415,0
9.325,0.978,0.14,0,0.063,0.011,0.074,1.427,0
10.205,0.981,0.135,0,0.052,0.011,0.064,1.433,0
10.28,0.979,0.149,0,0.057,0.01,0.067,1.431,0
10.39,0.981,0.128,0,0.052,0.01,0.063,1.442,0
10.245,0.979,0.142,0,0.059,0.011,0.069,1.439,0
9.81,0.98,0.129,0,0.051,0.01,0.061,1.436,0
9.885,0.98,0.127,0,0.056,0.01,0.066,1.437,0
9.96,0.982,0.152,0,0.05,0.01,0.06,1.436,0
10.185,0.976,0.105,0,0.059,0.011,0.071,1.451,0
10.24,0.977,0.141,0,0.058,0.01,0.068,1.459,0
10.48,0.976,0.128,0,0.066,0.01,0.077,1.477,0
10.305,0.98,0.133,0,0.057,0.01,0.068,1.507,0
10.195,0.965,0.119,0,0.106,0.013,0.12,1.542,0
10.2,0.979,0.128,0,0.061,0.011,0.073,1.544,0
10.135,0.982,0.148,0,0.051,0.009,0.061,1.518,0
10.14,0.981,0.165,0,0.049,0.009,0.059,1.419,0
9.825,0.978,0.173,0,0.058,0.009,0.068,1.428,0
10.15,0.981,0.165,0,0.05,0.009,0.059,1.432,0
10,0.969,0.157,0,0.083,0.013,0.097,1.419,0
10.01,0.968,0.112,0,0.079,0.012,0.091,1.405,0
10.345,0.966,0.139,0,0.1,0.012,0.112,1.411,0
10.265,0.979,0.123,0,0.056,0.011,0.067,1.422,0
10.2,0.982,0.152,0,0.057,0.01,0.067,1.443,0
9.67,0.979,0.094,0,0.054,0.009,0.064,1.434,0
9.895,0.982,0.135,0,0.049,0.01,0.059,1.418,0
10.375,0.98,0.125,0,0.054,0.009,0.064,1.426,0
9.945,0.983,0.15,0,0.049,0.01,0.059,1.438,0
10.055,0.981,0.128,0,0.051,0.009,0.06,1.448,0
10.11,0.981,0.157,0,0.056,0.01,0.067,1.451,0
